area,latitude,longitude,population
BE,49.5,5.0,1632
BE,49.5,5.5,61237
BE,49.5,6.0,57310
BE,50.0,4.0,11941
BE,50.0,4.5,63200
BE,50.0,5.0,76096
BE,50.0,5.5,112918
BE,50.0,6.0,20606
BE,50.5,3.0,49852
BE,50.5,3.5,250515
BE,50.5,4.0,661743
BE,50.5,4.5,958846
BE,50.5,5.0,420840
BE,50.5,5.5,774192
BE,50.5,6.0,297888
BE,50.5,6.5,6520
BE,51.0,2.5,71064
BE,51.0,3.0,716232
BE,51.0,3.5,868631
BE,51.0,4.0,1097334
BE,51.0,4.5,2950506
BE,51.0,5.0,700120
BE,51.0,5.5,701097
BE,51.0,6.0,22548
BE,51.5,3.0,71643
BE,51.5,3.5,32264
BE,51.5,4.0,22781
BE,51.5,4.5,444864
BE,51.5,5.0,188982
BE,51.5,5.5,11968
CZ,48.5,14.0,4078
CZ,48.5,14.5,16265
CZ,48.5,15.0,76
CZ,48.5,16.0,8
CZ,48.5,16.5,528
CZ,48.5,17.0,9330
CZ,49.0,13.0,2019
CZ,49.0,13.5,23243
CZ,49.0,14.0,75442
CZ,49.0,14.5,232647
CZ,49.0,15.0,65096
CZ,49.0,15.5,46468
CZ,49.0,16.0,156163
CZ,49.0,16.5,586056
CZ,49.0,17.0,234128
CZ,49.0,17.5,286997
CZ,49.0,18.0,63254
CZ,49.5,12.5,7175
CZ,49.5,13.0,108403
CZ,49.5,13.5,262930
CZ,49.5,14.0,153934
CZ,49.5,14.5,132806
CZ,49.5,15.0,92303
CZ,49.5,15.5,187092
CZ,49.5,16.0,125200
CZ,49.5,16.5,217889
CZ,49.5,17.0,250086
CZ,49.5,17.5,311461
CZ,49.5,18.0,273006
CZ,49.5,18.5,195742
CZ,49.5,19.0,15784
CZ,50.0,12.0,12663
CZ,50.0,12.5,145645
CZ,50.0,13.0,105634
CZ,50.0,13.5,173947
CZ,50.0,14.0,332387
CZ,50.0,14.5,1853137
CZ,50.0,15.0,245497
CZ,50.0,15.5,188231
CZ,50.0,16.0,351338
CZ,50.0,16.5,174495
CZ,50.0,17.0,147745
CZ,50.0,17.5,92362
CZ,50.0,18.0,287281
CZ,50.0,18.5,406745
CZ,50.5,12.0,2400
CZ,50.5,12.5,22823
CZ,50.5,13.0,58448
CZ,50.5,13.5,255078
CZ,50.5,14.0,360106
CZ,50.5,14.5,204148
CZ,50.5,15.0,273846
CZ,50.5,15.5,176941
CZ,50.5,16.0,198025
CZ,50.5,16.5,16038
CZ,50.5,17.0,12317
CZ,50.5,17.5,8900
CZ,51.0,14.0,48932
CZ,51.0,14.5,82245
CZ,51.0,15.0,133857
CZ,51.0,15.5,7969
CZ,51.0,16.0,1
DE,47.5,7.5,148256
DE,47.5,8.0,167095
DE,47.5,8.5,66689
DE,47.5,9.0,157716
DE,47.5,9.5,222788
DE,47.5,10.0,133309
DE,47.5,10.5,193420
DE,47.5,11.0,93603
DE,47.5,11.5,55996
DE,47.5,12.0,48223
DE,47.5,12.5,10137
DE,47.5,13.0,45562
DE,48.0,7.5,183542
DE,48.0,8.0,538228
DE,48.0,8.5,360832
DE,48.0,9.0,352175
DE,48.0,9.5,300265
DE,48.0,10.0,332413
DE,48.0,10.5,285094
DE,48.0,11.0,352248
DE,48.0,11.5,2386317
DE,48.0,12.0,473426
DE,48.0,12.5,321613
DE,48.0,13.0,110282
DE,48.5,7.5,6829
DE,48.5,8.0,460144
DE,48.5,8.5,270330
DE,48.5,9.0,1057419
DE,48.5,9.5,721384
DE,48.5,10.0,572426
DE,48.5,10.5,264370
DE,48.5,11.0,679991
DE,48.5,11.5,446878
DE,48.5,12.0,374831
DE,48.5,12.5,222551
DE,48.5,13.0,196510
DE,48.5,13.5,199240
DE,48.5,14.0,7474
DE,49.0,6.5,8517
DE,49.0,7.0,217937
DE,49.0,7.5,112492
DE,49.0,8.0,332224
DE,49.0,8.5,1160316
DE,49.0,9.0,1506548
DE,49.0,9.5,783898
DE,49.0,10.0,387409
DE,49.0,10.5,202075
DE,49.0,11.0,206949
DE,49.0,11.5,281051
DE,49.0,12.0,458022
DE,49.0,12.5,223552
DE,49.0,13.0,207328
DE,49.0,13.5,65266
DE,49.0,14.0,1431
DE,49.5,6.5,258521
DE,49.5,7.0,598046
DE,49.5,7.5,378107
DE,49.5,8.0,403806
DE,49.5,8.5,1672981
DE,49.5,9.0,355732
DE,49.5,9.5,215076
DE,49.5,10.0,205440
DE,49.5,10.5,193708
DE,49.5,11.0,1281744
DE,49.5,11.5,265135
DE,49.5,12.0,270769
DE,49.5,12.5,89348
DE,49.5,13.0,18511
DE,50.0,6.0,6343
DE,50.0,6.5,205259
DE,50.0,7.0,206143
DE,50.0,7.5,196572
DE,50.0,8.0,735592
DE,50.0,8.5,2230808
DE,50.0,9.0,1151853
DE,50.0,9.5,196129
DE,50.0,10.0,477698
DE,50.0,10.5,173623
DE,50.0,11.0,352341
DE,50.0,11.5,283012
DE,50.0,12.0,187179
DE,50.0,12.5,30937
DE,50.5,6.0,59032
DE,50.5,6.5,186406
DE,50.5,7.0,688657
DE,50.5,7.5,656276
DE,50.5,8.0,402284
DE,50.5,8.5,582578
DE,50.5,9.0,307311
DE,50.5,9.5,281275
DE,50.5,10.0,158865
DE,50.5,10.5,186583
DE,50.5,11.0,239198
DE,50.5,11.5,187359
DE,50.5,12.0,259824
DE,50.5,12.5,374432
DE,50.5,13.0,192818
DE,50.5,13.5,24481
DE,50.5,14.0,771
DE,51.0,6.0,637864
DE,51.0,6.5,1224453
DE,51.0,7.0,3380081
DE,51.0,7.5,606705
DE,51.0,8.0,486687
DE,51.0,8.5,218774
DE,51.0,9.0,247241
DE,51.0,9.5,256205
DE,51.0,10.0,178406
DE,51.0,10.5,261303
DE,51.0,11.0,394557
DE,51.0,11.5,288246
DE,51.0,12.0,329582
DE,51.0,12.5,341826
DE,51.0,13.0,557331
DE,51.0,13.5,583471
DE,51.0,14.0,561775
DE,51.0,14.5,175944
DE,51.0,15.0,115443
DE,51.5,6.0,102069
DE,51.5,6.5,1322059
DE,51.5,7.0,3211074
DE,51.5,7.5,1915016
DE,51.5,8.0,597301
DE,51.5,8.5,382546
DE,51.5,9.0,261144
DE,51.5,9.5,471256
DE,51.5,10.0,352565
DE,51.5,10.5,163137
DE,51.5,11.0,142663
DE,51.5,11.5,170741
DE,51.5,12.0,482424
DE,51.5,12.5,867834
DE,51.5,13.0,126016
DE,51.5,13.5,162899
DE,51.5,14.0,160377
DE,51.5,14.5,166272
DE,51.5,15.0,22360
DE,52.0,6.0,87377
DE,52.0,6.5,149124
DE,52.0,7.0,360340
DE,52.0,7.5,706545
DE,52.0,8.0,445015
DE,52.0,8.5,1048429
DE,52.0,9.0,471852
DE,52.0,9.5,278127
DE,52.0,10.0,373948
DE,52.0,10.5,401207
DE,52.0,11.0,234784
DE,52.0,11.5,447296
DE,52.0,12.0,178459
DE,52.0,12.5,107667
DE,52.0,13.0,96203
DE,52.0,13.5,72263
DE,52.0,14.0,87142
DE,52.0,14.5,167611
DE,52.0,15.0,38
DE,52.5,6.5,1884
DE,52.5,7.0,158890
DE,52.5,7.5,317253
DE,52.5,8.0,430996
DE,52.5,8.5,235835
DE,52.5,9.0,311399
DE,52.5,9.5,697659
DE,52.5,10.0,700016
DE,52.5,10.5,451739
DE,52.5,11.0,170609
DE,52.5,11.5,73285
DE,52.5,12.0,109663
DE,52.5,12.5,149728
DE,52.5,13.0,847616
DE,52.5,13.5,3653406
DE,52.5,14.0,170085
DE,52.5,14.5,92684
DE,53.0,7.0,26976
DE,53.0,7.5,245716
DE,53.0,8.0,393973
DE,53.0,8.5,480304
DE,53.0,9.0,683012
DE,53.0,9.5,148747
DE,53.0,10.0,117970
DE,53.0,10.5,168202
DE,53.0,11.0,80218
DE,53.0,11.5,50847
DE,53.0,12.0,69176
DE,53.0,12.5,51052
DE,53.0,13.0,87061
DE,53.0,13.5,91530
DE,53.0,14.0,96172
DE,53.0,14.5,21988
DE,53.5,6.5,4902
DE,53.5,7.0,100376
DE,53.5,7.5,215649
DE,53.5,8.0,238779
DE,53.5,8.5,280519
DE,53.5,9.0,121793
DE,53.5,9.5,362306
DE,53.5,10.0,2304846
DE,53.5,10.5,347059
DE,53.5,11.0,83309
DE,53.5,11.5,179628
DE,53.5,12.0,56784
DE,53.5,12.5,63627
DE,53.5,13.0,73884
DE,53.5,13.5,98046
DE,53.5,14.0,82710
DE,53.5,14.5,6239
DE,54.0,7.5,838
DE,54.0,8.0,1674
DE,54.0,8.5,51370
DE,54.0,9.0,129141
DE,54.0,9.5,214298
DE,54.0,10.0,331365
DE,54.0,10.5,425676
DE,54.0,11.0,142528
DE,54.0,11.5,88434
DE,54.0,12.0,309932
DE,54.0,12.5,72194
DE,54.0,13.0,63912
DE,54.0,13.5,111165
DE,54.0,14.0,44606
DE,54.5,8.5,16926
DE,54.5,9.0,110927
DE,54.5,9.5,210391
DE,54.5,10.0,425606
DE,54.5,10.5,39562
DE,54.5,11.0,39804
DE,54.5,11.5,694
DE,54.5,12.0,1986
DE,54.5,12.5,25982
DE,54.5,13.0,69908
DE,54.5,13.5,50800
DE,55.0,8.5,21478
DE,55.0,9.0,38332
DE,55.0,9.5,120657
DE,55.0,10.0,1325
DK,54.5,10.5,192
DK,54.5,11.0,337
DK,54.5,11.5,12104
DK,54.5,12.0,7929
DK,55.0,8.5,4797
DK,55.0,9.0,42202
DK,55.0,9.5,97287
DK,55.0,10.0,66722
DK,55.0,10.5,96808
DK,55.0,11.0,24134
DK,55.0,11.5,39382
DK,55.0,12.0,121748
DK,55.0,12.5,6388
DK,55.0,14.5,15035
DK,55.0,15.0,19376
DK,55.5,8.0,1897
DK,55.5,8.5,137390
DK,55.5,9.0,87808
DK,55.5,9.5,259007
DK,55.5,10.0,105857
DK,55.5,10.5,281228
DK,55.5,11.0,67090
DK,55.5,11.5,178511
DK,55.5,12.0,309265
DK,55.5,12.5,1322969
DK,55.5,13.0,3
DK,55.5,15.0,1556
DK,56.0,8.0,7190
DK,56.0,8.5,62144
DK,56.0,9.0,133963
DK,56.0,9.5,148617
DK,56.0,10.0,504801
DK,56.0,10.5,33928
DK,56.0,11.0,334
DK,56.0,11.5,34077
DK,56.0,12.0,149950
DK,56.0,12.5,431901
DK,56.5,8.0,8480
DK,56.5,8.5,87654
DK,56.5,9.0,74133
DK,56.5,9.5,116289
DK,56.5,10.0,186044
DK,56.5,10.5,57671
DK,56.5,11.0,20089
DK,56.5,11.5,157
DK,57.0,8.0,287
DK,57.0,8.5,39378
DK,57.0,9.0,26412
DK,57.0,9.5,72169
DK,57.0,10.0,229051
DK,57.0,10.5,17993
DK,57.0,11.0,57
DK,57.5,9.5,4628
DK,57.5,10.0,80460
DK,57.5,10.5,56321
DK,57.5,11.0,1465
EE,57.5,26.0,39
EE,57.5,26.5,2209
EE,57.5,27.0,2539
EE,57.5,27.5,1261
EE,58.0,22.0,1311
EE,58.0,22.5,4849
EE,58.0,23.0,43
EE,58.0,23.5,9
EE,58.0,24.0,268
EE,58.0,24.5,3031
EE,58.0,25.0,4526
EE,58.0,25.5,5171
EE,58.0,26.0,20437
EE,58.0,26.5,20501
EE,58.0,27.0,31221
EE,58.0,27.5,8936
EE,58.0,28.0,102
EE,58.5,22.0,2352
EE,58.5,22.5,25009
EE,58.5,23.0,6096
EE,58.5,23.5,1917
EE,58.5,24.0,4561
EE,58.5,24.5,62056
EE,58.5,25.0,6631
EE,58.5,25.5,27561
EE,58.5,26.0,10274
EE,58.5,26.5,110765
EE,58.5,27.0,28562
EE,58.5,27.5,311
EE,59.0,22.0,30
EE,59.0,22.5,1984
EE,59.0,23.0,2023
EE,59.0,23.5,11391
EE,59.0,24.0,7140
EE,59.0,24.5,23966
EE,59.0,25.0,33633
EE,59.0,25.5,18613
EE,59.0,26.0,11799
EE,59.0,26.5,8233
EE,59.0,27.0,3785
EE,59.0,27.5,1776
EE,59.0,28.0,21
EE,59.5,23.5,28
EE,59.5,24.0,6441
EE,59.5,24.5,354438
EE,59.5,25.0,261957
EE,59.5,25.5,15418
EE,59.5,26.0,9904
EE,59.5,26.5,21732
EE,59.5,27.0,13025
EE,59.5,27.5,38965
EE,59.5,28.0,61448
ES,35.5,-3.0,69280
ES,36.0,-6.0,28189
ES,36.0,-5.5,300703
ES,36.5,-6.5,133639
ES,36.5,-6.0,558399
ES,36.5,-5.5,55670
ES,36.5,-5.0,304459
ES,36.5,-4.5,921635
ES,36.5,-4.0,51519
ES,36.5,-3.5,68135
ES,36.5,-3.0,21189
ES,36.5,-2.5,32156
ES,36.5,-2.0,127
ES,37.0,-7.5,28202
ES,37.0,-7.0,60935
ES,37.0,-6.5,77359
ES,37.0,-6.0,163579
ES,37.0,-5.5,109015
ES,37.0,-5.0,95104
ES,37.0,-4.5,146531
ES,37.0,-4.0,159317
ES,37.0,-3.5,538095
ES,37.0,-3.0,101538
ES,37.0,-2.5,344401
ES,37.0,-2.0,93067
ES,37.5,-7.5,11856
ES,37.5,-7.0,243638
ES,37.5,-6.5,109505
ES,37.5,-6.0,1364803
ES,37.5,-5.5,144316
ES,37.5,-5.0,133462
ES,37.5,-4.5,184892
ES,37.5,-4.0,124176
ES,37.5,-3.5,54719
ES,37.5,-3.0,59955
ES,37.5,-2.5,42897
ES,37.5,-2.0,86005
ES,37.5,-1.5,159501
ES,37.5,-1.0,290132
ES,37.5,-0.5,12670
ES,38.0,-7.5,116
ES,38.0,-7.0,14375
ES,38.0,-6.5,40052
ES,38.0,-6.0,22171
ES,38.0,-5.5,17321
ES,38.0,-5.0,337650
ES,38.0,-4.5,83792
ES,38.0,-4.0,228213
ES,38.0,-3.5,177950
ES,38.0,-3.0,48830
ES,38.0,-2.5,15855
ES,38.0,-2.0,50447
ES,38.0,-1.5,197478
ES,38.0,-1.0,976461
ES,38.0,-0.5,244862
ES,38.5,-7.5,1047
ES,38.5,-7.0,40513
ES,38.5,-6.5,95660
ES,38.5,-6.0,20372
ES,38.5,-5.5,38647
ES,38.5,-5.0,43138
ES,38.5,-4.5,13923
ES,38.5,-4.0,66432
ES,38.5,-3.5,28920
ES,38.5,-3.0,32868
ES,38.5,-2.5,20372
ES,38.5,-2.0,17453
ES,38.5,-1.5,73489
ES,38.5,-1.0,266334
ES,38.5,-0.5,879778
ES,38.5,0.0,230750
ES,38.5,1.5,10604
ES,39.0,-7.0,181652
ES,39.0,-6.5,99177
ES,39.0,-6.0,84796
ES,39.0,-5.5,27413
ES,39.0,-5.0,22303
ES,39.0,-4.5,6824
ES,39.0,-4.0,117588
ES,39.0,-3.5,115241
ES,39.0,-3.0,63982
ES,39.0,-2.5,12678
ES,39.0,-2.0,234720
ES,39.0,-1.5,21307
ES,39.0,-1.0,43200
ES,39.0,-0.5,410807
ES,39.0,0.0,264293
ES,39.0,1.0,3694
ES,39.0,1.5,130852
ES,39.0,3.0,87
ES,39.5,-7.5,1792
ES,39.5,-7.0,13643
ES,39.5,-6.5,95060
ES,39.5,-6.0,20271
ES,39.5,-5.5,11776
ES,39.5,-5.0,8458
ES,39.5,-4.5,21987
ES,39.5,-4.0,43921
ES,39.5,-3.5,58916
ES,39.5,-3.0,105643
ES,39.5,-2.5,52901
ES,39.5,-2.0,37733
ES,39.5,-1.5,32414
ES,39.5,-1.0,55434
ES,39.5,-0.5,1828487
ES,39.5,0.0,44983
ES,39.5,2.5,572702
ES,39.5,3.0,241695
ES,39.5,3.5,62169
ES,40.0,-7.0,8191
ES,40.0,-6.5,41206
ES,40.0,-6.0,60054
ES,40.0,-5.5,47539
ES,40.0,-5.0,127094
ES,40.0,-4.5,73009
ES,40.0,-4.0,461405
ES,40.0,-3.5,310763
ES,40.0,-3.0,42696
ES,40.0,-2.5,11182
ES,40.0,-2.0,60255
ES,40.0,-1.5,8970
ES,40.0,-1.0,8988
ES,40.0,-0.5,54828
ES,40.0,0.0,461420
ES,40.0,0.5,2935
ES,40.0,2.5,14695
ES,40.0,3.0,66483
ES,40.0,3.5,375
ES,40.0,4.0,61913
ES,40.0,4.5,32263
ES,40.5,-7.0,1990
ES,40.5,-6.5,21554
ES,40.5,-6.0,32303
ES,40.5,-5.5,22449
ES,40.5,-5.0,16597
ES,40.5,-4.5,102764
ES,40.5,-4.0,2019698
ES,40.5,-3.5,5018744
ES,40.5,-3.0,151948
ES,40.5,-2.5,10934
ES,40.5,-2.0,5206
ES,40.5,-1.5,10114
ES,40.5,-1.0,36123
ES,40.5,-0.5,7153
ES,40.5,0.0,20954
ES,40.5,0.5,143914
ES,40.5,1.0,3240
ES,41.0,-7.0,1513
ES,41.0,-6.5,13712
ES,41.0,-6.0,11335
ES,41.0,-5.5,213319
ES,41.0,-5.0,23449
ES,41.0,-4.5,28903
ES,41.0,-4.0,91606
ES,41.0,-3.5,39882
ES,41.0,-3.0,18380
ES,41.0,-2.5,11280
ES,41.0,-2.0,8565
ES,41.0,-1.5,15811
ES,41.0,-1.0,9422
ES,41.0,-0.5,21458
ES,41.0,0.0,39282
ES,41.0,0.5,92269
ES,41.0,1.0,370075
ES,41.0,1.5,248828
ES,41.0,2.0,35682
ES,41.5,-6.5,4511
ES,41.5,-6.0,27660
ES,41.5,-5.5,65748
ES,41.5,-5.0,110062
ES,41.5,-4.5,351656
ES,41.5,-4.0,22550
ES,41.5,-3.5,38117
ES,41.5,-3.0,9251
ES,41.5,-2.5,8818
ES,41.5,-2.0,9457
ES,41.5,-1.5,54410
ES,41.5,-1.0,825253
ES,41.5,-0.5,22501
ES,41.5,0.0,12349
ES,41.5,0.5,255532
ES,41.5,1.0,115296
ES,41.5,1.5,251662
ES,41.5,2.0,4959387
ES,41.5,2.5,777915
ES,41.5,3.0,85643
ES,42.0,-9.0,96154
ES,42.0,-8.5,350165
ES,42.0,-8.0,34861
ES,42.0,-7.5,35644
ES,42.0,-7.0,6780
ES,42.0,-6.5,8030
ES,42.0,-6.0,17351
ES,42.0,-5.5,35349
ES,42.0,-5.0,15495
ES,42.0,-4.5,93611
ES,42.0,-4.0,12472
ES,42.0,-3.5,11404
ES,42.0,-3.0,13006
ES,42.0,-2.5,38026
ES,42.0,-2.0,61069
ES,42.0,-1.5,105422
ES,42.0,-1.0,46174
ES,42.0,-0.5,62346
ES,42.0,0.0,44324
ES,42.0,0.5,32680
ES,42.0,1.0,45879
ES,42.0,1.5,35373
ES,42.0,2.0,160338
ES,42.0,2.5,209843
ES,42.0,3.0,374676
ES,42.5,-9.0,157054
ES,42.5,-8.5,241333
ES,42.5,-8.0,199935
ES,42.5,-7.5,44583
ES,42.5,-7.0,34202
ES,42.5,-6.5,89207
ES,42.5,-6.0,47824
ES,42.5,-5.5,210827
ES,42.5,-5.0,11659
ES,42.5,-4.5,15354
ES,42.5,-4.0,19779
ES,42.5,-3.5,209056
ES,42.5,-3.0,73817
ES,42.5,-2.5,246052
ES,42.5,-2.0,101139
ES,42.5,-1.5,50386
ES,42.5,-1.0,5570
ES,42.5,-0.5,26780
ES,42.5,0.0,5773
ES,42.5,0.5,9410
ES,42.5,1.0,17820
ES,42.5,1.5,17329
ES,42.5,2.0,22209
ES,42.5,2.5,5792
ES,42.5,3.0,96810
ES,42.5,3.5,1697
ES,43.0,-9.5,2985
ES,43.0,-9.0,85078
ES,43.0,-8.5,214200
ES,43.0,-8.0,48362
ES,43.0,-7.5,117662
ES,43.0,-7.0,14098
ES,43.0,-6.5,27393
ES,43.0,-6.0,33783
ES,43.0,-5.5,33724
ES,43.0,-5.0,15386
ES,43.0,-4.5,16923
ES,43.0,-4.0,31218
ES,43.0,-3.5,20715
ES,43.0,-3.0,189995
ES,43.0,-2.5,488327
ES,43.0,-2.0,120012
ES,43.0,-1.5,362161
ES,43.0,-1.0,3612
ES,43.0,-0.5,1493
ES,43.0,0.0,127
ES,43.0,0.5,2253
ES,43.0,1.0,43
ES,43.5,-9.0,7844
ES,43.5,-8.5,366677
ES,43.5,-8.0,165532
ES,43.5,-7.5,59145
ES,43.5,-7.0,29692
ES,43.5,-6.5,31466
ES,43.5,-6.0,444355
ES,43.5,-5.5,384600
ES,43.5,-5.0,26855
ES,43.5,-4.5,17935
ES,43.5,-4.0,372263
ES,43.5,-3.5,72931
ES,43.5,-3.0,755312
ES,43.5,-2.5,71459
ES,43.5,-2.0,363268
ES,43.5,-1.5,5380
ES,44.0,-8.0,10
ES,44.0,-7.5,65
FI,60.0,21.0,3
FI,60.0,21.5,1070
FI,60.0,22.0,1443
FI,60.0,22.5,5727
FI,60.0,23.0,18013
FI,60.0,23.5,27383
FI,60.0,24.0,35914
FI,60.0,24.5,192557
FI,60.0,25.0,642362
FI,60.0,25.5,47
FI,60.0,26.0,123
FI,60.5,21.0,53
FI,60.5,21.5,6176
FI,60.5,22.0,123654
FI,60.5,22.5,214212
FI,60.5,23.0,45461
FI,60.5,23.5,20515
FI,60.5,24.0,39103
FI,60.5,24.5,73794
FI,60.5,25.0,532707
FI,60.5,25.5,96282
FI,60.5,26.0,18455
FI,60.5,26.5,14221
FI,60.5,27.0,73345
FI,60.5,27.5,5152
FI,60.5,28.0,1631
FI,61.0,21.0,62
FI,61.0,21.5,61529
FI,61.0,22.0,17309
FI,61.0,22.5,20776
FI,61.0,23.0,22228
FI,61.0,23.5,40009
FI,61.0,24.0,25293
FI,61.0,24.5,79503
FI,61.0,25.0,24795
FI,61.0,25.5,138010
FI,61.0,26.0,47257
FI,61.0,26.5,51308
FI,61.0,27.0,22427
FI,61.0,27.5,8413
FI,61.0,28.0,52294
FI,61.0,28.5,28300
FI,61.0,29.0,22846
FI,61.5,21.5,27305
FI,61.5,22.0,83033
FI,61.5,22.5,13469
FI,61.5,23.0,29206
FI,61.5,23.5,162113
FI,61.5,24.0,237087
FI,61.5,24.5,18561
FI,61.5,25.0,5225
FI,61.5,25.5,5653
FI,61.5,26.0,8084
FI,61.5,26.5,4069
FI,61.5,27.0,19317
FI,61.5,27.5,29047
FI,61.5,28.0,2887
FI,61.5,28.5,2896
FI,61.5,29.0,6949
FI,61.5,29.5,7866
FI,61.5,30.0,438
FI,62.0,21.5,6577
FI,62.0,22.0,4533
FI,62.0,22.5,15729
FI,62.0,23.0,15203
FI,62.0,23.5,4878
FI,62.0,24.0,10533
FI,62.0,24.5,17388
FI,62.0,25.0,19957
FI,62.0,25.5,65219
FI,62.0,26.0,40514
FI,62.0,26.5,5400
FI,62.0,27.0,6175
FI,62.0,27.5,4514
FI,62.0,28.0,8998
FI,62.0,28.5,5712
FI,62.0,29.0,25037
FI,62.0,29.5,4921
FI,62.0,30.0,9816
FI,62.0,30.5,3845
FI,62.0,31.0,1
FI,62.5,21.0,2918
FI,62.5,21.5,16141
FI,62.5,22.0,18871
FI,62.5,22.5,22157
FI,62.5,23.0,14549
FI,62.5,23.5,11975
FI,62.5,24.0,9163
FI,62.5,24.5,6347
FI,62.5,25.0,8310
FI,62.5,25.5,45268
FI,62.5,26.0,50749
FI,62.5,26.5,8163
FI,62.5,27.0,22501
FI,62.5,27.5,5082
FI,62.5,28.0,28754
FI,62.5,28.5,3830
FI,62.5,29.0,8723
FI,62.5,29.5,24221
FI,62.5,30.0,61306
FI,62.5,30.5,3923
FI,62.5,31.0,3476
FI,62.5,31.5,137
FI,63.0,20.5,1
FI,63.0,21.0,1033
FI,63.0,21.5,75262
FI,63.0,22.0,24171
FI,63.0,22.5,19466
FI,63.0,23.0,67251
FI,63.0,23.5,9531
FI,63.0,24.0,13192
FI,63.0,24.5,5018
FI,63.0,25.0,5822
FI,63.0,25.5,3087
FI,63.0,26.0,6978
FI,63.0,26.5,5858
FI,63.0,27.0,5402
FI,63.0,27.5,116021
FI,63.0,28.0,11251
FI,63.0,28.5,8831
FI,63.0,29.0,3752
FI,63.0,29.5,5909
FI,63.0,30.0,11839
FI,63.0,30.5,1957
FI,63.0,31.0,694
FI,63.0,31.5,256
FI,63.5,21.0,239
FI,63.5,21.5,570
FI,63.5,22.0,440
FI,63.5,22.5,31115
FI,63.5,23.0,17652
FI,63.5,23.5,10470
FI,63.5,24.0,6597
FI,63.5,24.5,1915
FI,63.5,25.0,5398
FI,63.5,25.5,6713
FI,63.5,26.0,5962
FI,63.5,26.5,8752
FI,63.5,27.0,23283
FI,63.5,27.5,9798
FI,63.5,28.0,3981
FI,63.5,28.5,2084
FI,63.5,29.0,9438
FI,63.5,29.5,1531
FI,63.5,30.0,8200
FI,63.5,30.5,396
FI,63.5,31.0,134
FI,64.0,22.5,1276
FI,64.0,23.0,36546
FI,64.0,23.5,14921
FI,64.0,24.0,13007
FI,64.0,24.5,23658
FI,64.0,25.0,13089
FI,64.0,25.5,12187
FI,64.0,26.0,3648
FI,64.0,26.5,2925
FI,64.0,27.0,3522
FI,64.0,27.5,21922
FI,64.0,28.0,15649
FI,64.0,28.5,4136
FI,64.0,29.0,970
FI,64.0,29.5,5528
FI,64.0,30.0,469
FI,64.0,30.5,51
FI,64.5,24.0,5400
FI,64.5,24.5,20560
FI,64.5,25.0,12741
FI,64.5,25.5,3949
FI,64.5,26.0,2045
FI,64.5,26.5,3895
FI,64.5,27.0,2157
FI,64.5,27.5,2577
FI,64.5,28.0,4223
FI,64.5,28.5,2108
FI,64.5,29.0,634
FI,64.5,29.5,697
FI,64.5,30.0,622
FI,64.5,30.5,9
FI,65.0,24.5,1434
FI,65.0,25.0,3946
FI,65.0,25.5,227656
FI,65.0,26.0,16836
FI,65.0,26.5,2154
FI,65.0,27.0,171
FI,65.0,27.5,1830
FI,65.0,28.0,425
FI,65.0,28.5,413
FI,65.0,29.0,6197
FI,65.0,29.5,388
FI,65.0,30.0,28
FI,65.5,24.5,15879
FI,65.5,25.0,4124
FI,65.5,25.5,9080
FI,65.5,26.0,1730
FI,65.5,26.5,642
FI,65.5,27.0,6203
FI,65.5,27.5,1208
FI,65.5,28.0,3231
FI,65.5,28.5,767
FI,65.5,29.0,453
FI,65.5,29.5,436
FI,65.5,30.0,8
FI,66.0,23.5,53
FI,66.0,24.0,15264
FI,66.0,24.5,13913
FI,66.0,25.0,2711
FI,66.0,25.5,545
FI,66.0,26.0,532
FI,66.0,26.5,2777
FI,66.0,27.0,532
FI,66.0,27.5,579
FI,66.0,28.0,1787
FI,66.0,28.5,890
FI,66.0,29.0,13109
FI,66.0,29.5,1499
FI,66.0,30.0,318
FI,66.5,23.5,2861
FI,66.5,24.0,622
FI,66.5,24.5,738
FI,66.5,25.0,195
FI,66.5,25.5,40519
FI,66.5,26.0,15446
FI,66.5,26.5,617
FI,66.5,27.0,1040
FI,66.5,27.5,5418
FI,66.5,28.0,877
FI,66.5,28.5,578
FI,66.5,29.0,1245
FI,66.5,29.5,127
FI,67.0,23.5,21
FI,67.0,24.0,2634
FI,67.0,24.5,366
FI,67.0,25.0,424
FI,67.0,25.5,475
FI,67.0,26.0,290
FI,67.0,26.5,407
FI,67.0,27.0,624
FI,67.0,27.5,1423
FI,67.0,28.0,559
FI,67.0,28.5,1500
FI,67.0,29.0,715
FI,67.5,23.5,190
FI,67.5,24.0,2597
FI,67.5,24.5,703
FI,67.5,25.0,2375
FI,67.5,25.5,417
FI,67.5,26.0,691
FI,67.5,26.5,5498
FI,67.5,27.0,606
FI,67.5,27.5,219
FI,67.5,28.0,434
FI,67.5,28.5,170
FI,67.5,29.0,11
FI,67.5,29.5,51
FI,67.5,30.0,5
FI,68.0,23.0,12
FI,68.0,23.5,1701
FI,68.0,24.0,698
FI,68.0,24.5,133
FI,68.0,25.0,3159
FI,68.0,25.5,146
FI,68.0,26.0,13
FI,68.0,26.5,37
FI,68.0,27.0,350
FI,68.0,27.5,133
FI,68.0,28.0,66
FI,68.0,28.5,8
FI,68.0,29.0,25
FI,68.0,29.5,12
FI,68.5,21.5,5
FI,68.5,22.0,31
FI,68.5,22.5,205
FI,68.5,23.0,147
FI,68.5,23.5,832
FI,68.5,24.0,85
FI,68.5,24.5,20
FI,68.5,25.0,2
FI,68.5,25.5,11
FI,68.5,26.0,10
FI,68.5,26.5,21
FI,68.5,27.0,7
FI,68.5,27.5,4532
FI,68.5,28.0,319
FI,68.5,28.5,26
FI,69.0,20.5,1
FI,69.0,21.0,324
FI,69.0,21.5,19
FI,69.0,22.0,6
FI,69.0,25.5,1
FI,69.0,26.0,51
FI,69.0,26.5,70
FI,69.0,27.0,922
FI,69.0,27.5,141
FI,69.0,28.0,61
FI,69.0,28.5,67
FI,69.0,29.0,1
FI,69.5,21.5,1
FI,69.5,26.0,370
FI,69.5,26.5,24
FI,69.5,27.0,56
FI,69.5,27.5,9
FI,69.5,28.0,32
FI,69.5,28.5,75
FI,69.5,29.0,56
FI,70.0,26.0,50
FI,70.0,26.5,3
FI,70.0,27.0,505
FI,70.0,27.5,37
FI,70.0,28.0,166
FI,70.0,28.5,1
FR,41.5,8.5,174
FR,41.5,9.0,19609
FR,41.5,9.5,16639
FR,42.0,8.5,45989
FR,42.0,9.0,69415
FR,42.0,9.5,18499
FR,42.5,0.0,99
FR,42.5,0.5,93
FR,42.5,1.0,6
FR,42.5,1.5,280
FR,42.5,2.0,18728
FR,42.5,2.5,62424
FR,42.5,3.0,361697
FR,42.5,8.5,2604
FR,42.5,9.0,34664
FR,42.5,9.5,113571
FR,43.0,-1.5,5401
FR,43.0,-1.0,17820
FR,43.0,-0.5,61647
FR,43.0,0.0,157780
FR,43.0,0.5,76844
FR,43.0,1.0,71298
FR,43.0,1.5,105139
FR,43.0,2.0,80033
FR,43.0,2.5,104648
FR,43.0,3.0,195420
FR,43.0,3.5,4475
FR,43.0,5.5,124970
FR,43.0,6.0,488793
FR,43.0,6.5,39903
FR,43.0,9.5,6772
FR,43.5,-2.0,16127
FR,43.5,-1.5,336071
FR,43.5,-1.0,158806
FR,43.5,-0.5,262224
FR,43.5,0.0,88617
FR,43.5,0.5,69977
FR,43.5,1.0,191871
FR,43.5,1.5,1151902
FR,43.5,2.0,156959
FR,43.5,2.5,103456
FR,43.5,3.0,202509
FR,43.5,3.5,364382
FR,43.5,4.0,643185
FR,43.5,4.5,99181
FR,43.5,5.0,418706
FR,43.5,5.5,1370025
FR,43.5,6.0,190371
FR,43.5,6.5,254473
FR,43.5,7.0,752727
FR,43.5,7.5,195981
FR,44.0,-1.5,20554
FR,44.0,-1.0,53509
FR,44.0,-0.5,93617
FR,44.0,0.0,31992
FR,44.0,0.5,158850
FR,44.0,1.0,123217
FR,44.0,1.5,266221
FR,44.0,2.0,190273
FR,44.0,2.5,38842
FR,44.0,3.0,55572
FR,44.0,3.5,39908
FR,44.0,4.0,238947
FR,44.0,4.5,428962
FR,44.0,5.0,538326
FR,44.0,5.5,63662
FR,44.0,6.0,131298
FR,44.0,6.5,16092
FR,44.0,7.0,62347
FR,44.0,7.5,94852
FR,44.5,-1.5,1738
FR,44.5,-1.0,182428
FR,44.5,-0.5,132610
FR,44.5,0.0,124100
FR,44.5,0.5,119133
FR,44.5,1.0,63587
FR,44.5,1.5,75839
FR,44.5,2.0,86384
FR,44.5,2.5,117461
FR,44.5,3.0,33131
FR,44.5,3.5,42068
FR,44.5,4.0,47669
FR,44.5,4.5,214261
FR,44.5,5.0,145613
FR,44.5,5.5,19109
FR,44.5,6.0,90326
FR,44.5,6.5,35266
FR,44.5,7.0,1961
FR,45.0,-1.0,88445
FR,45.0,-0.5,1022797
FR,45.0,0.0,162800
FR,45.0,0.5,181223
FR,45.0,1.0,92611
FR,45.0,1.5,155056
FR,45.0,2.0,51868
FR,45.0,2.5,76532
FR,45.0,3.0,32518
FR,45.0,3.5,34279
FR,45.0,4.0,112373
FR,45.0,4.5,88660
FR,45.0,5.0,366006
FR,45.0,5.5,420988
FR,45.0,6.0,158723
FR,45.0,6.5,40661
FR,45.0,7.0,1764
FR,45.5,-1.0,123275
FR,45.5,-0.5,143162
FR,45.5,0.0,187854
FR,45.5,0.5,73032
FR,45.5,1.0,63535
FR,45.5,1.5,71066
FR,45.5,2.0,43012
FR,45.5,2.5,42243
FR,45.5,3.0,135483
FR,45.5,3.5,90973
FR,45.5,4.0,160099
FR,45.5,4.5,605003
FR,45.5,5.0,947107
FR,45.5,5.5,353014
FR,45.5,6.0,330604
FR,45.5,6.5,122517
FR,45.5,7.0,19215
FR,46.0,-1.5,32074
FR,46.0,-1.0,315373
FR,46.0,-0.5,106719
FR,46.0,0.0,72277
FR,46.0,0.5,53897
FR,46.0,1.0,146218
FR,46.0,1.5,179695
FR,46.0,2.0,53167
FR,46.0,2.5,28092
FR,46.0,3.0,359205
FR,46.0,3.5,174543
FR,46.0,4.0,161281
FR,46.0,4.5,320793
FR,46.0,5.0,1100933
FR,46.0,5.5,175061
FR,46.0,6.0,513416
FR,46.0,6.5,287377
FR,46.0,7.0,13389
FR,46.5,-2.5,3553
FR,46.5,-2.0,91271
FR,46.5,-1.5,200917
FR,46.5,-1.0,134699
FR,46.5,-0.5,191054
FR,46.5,0.0,106386
FR,46.5,0.5,243943
FR,46.5,1.0,37577
FR,46.5,1.5,45922
FR,46.5,2.0,44983
FR,46.5,2.5,109331
FR,46.5,3.0,38196
FR,46.5,3.5,82709
FR,46.5,4.0,61355
FR,46.5,4.5,103686
FR,46.5,5.0,200615
FR,46.5,5.5,130048
FR,46.5,6.0,129118
FR,46.5,6.5,142563
FR,46.5,7.0,3454
FR,47.0,-2.5,10527
FR,47.0,-2.0,191228
FR,47.0,-1.5,737753
FR,47.0,-1.0,259379
FR,47.0,-0.5,112609
FR,47.0,0.0,104219
FR,47.0,0.5,120652
FR,47.0,1.0,51904
FR,47.0,1.5,95812
FR,47.0,2.0,88113
FR,47.0,2.5,143377
FR,47.0,3.0,113949
FR,47.0,3.5,39891
FR,47.0,4.0,25786
FR,47.0,4.5,97725
FR,47.0,5.0,219566
FR,47.0,5.5,130044
FR,47.0,6.0,188479
FR,47.0,6.5,98693
FR,47.0,7.0,8988
FR,47.5,-4.0,12
FR,47.5,-3.5,61402
FR,47.5,-3.0,179494
FR,47.5,-2.5,240046
FR,47.5,-2.0,251514
FR,47.5,-1.5,320385
FR,47.5,-1.0,156575
FR,47.5,-0.5,386444
FR,47.5,0.0,123963
FR,47.5,0.5,390284
FR,47.5,1.0,159092
FR,47.5,1.5,174899
FR,47.5,2.0,53555
FR,47.5,2.5,58920
FR,47.5,3.0,57406
FR,47.5,3.5,48834
FR,47.5,4.0,37974
FR,47.5,4.5,38921
FR,47.5,5.0,311407
FR,47.5,5.5,60765
FR,47.5,6.0,168674
FR,47.5,6.5,106583
FR,47.5,7.0,334559
FR,47.5,7.5,215099
FR,48.0,-5.0,112
FR,48.0,-4.5,71047
FR,48.0,-4.0,228510
FR,48.0,-3.5,194304
FR,48.0,-3.0,148240
FR,48.0,-2.5,101397
FR,48.0,-2.0,243526
FR,48.0,-1.5,560746
FR,48.0,-1.0,178567
FR,48.0,-0.5,129481
FR,48.0,0.0,321146
FR,48.0,0.5,144579
FR,48.0,1.0,83234
FR,48.0,1.5,91983
FR,48.0,2.0,399598
FR,48.0,2.5,150548
FR,48.0,3.0,91636
FR,48.0,3.5,183621
FR,48.0,4.0,57400
FR,48.0,4.5,38128
FR,48.0,5.0,45701
FR,48.0,5.5,46177
FR,48.0,6.0,47241
FR,48.0,6.5,171354
FR,48.0,7.0,193435
FR,48.0,7.5,382700
FR,48.5,-5.0,9331
FR,48.5,-4.5,346326
FR,48.5,-4.0,146271
FR,48.5,-3.5,104005
FR,48.5,-3.0,192416
FR,48.5,-2.5,139186
FR,48.5,-2.0,246863
FR,48.5,-1.5,136214
FR,48.5,-1.0,101074
FR,48.5,-0.5,105316
FR,48.5,0.0,112932
FR,48.5,0.5,68193
FR,48.5,1.0,79902
FR,48.5,1.5,255790
FR,48.5,2.0,426935
FR,48.5,2.5,1474510
FR,48.5,3.0,207995
FR,48.5,3.5,93132
FR,48.5,4.0,190410
FR,48.5,4.5,48418
FR,48.5,5.0,78338
FR,48.5,5.5,43529
FR,48.5,6.0,367172
FR,48.5,6.5,150505
FR,48.5,7.0,125836
FR,48.5,7.5,592702
FR,48.5,8.0,235079
FR,49.0,-4.0,2
FR,49.0,-3.5,34582
FR,49.0,-3.0,24900
FR,49.0,-2.0,32
FR,49.0,-1.5,116268
FR,49.0,-1.0,135530
FR,49.0,-0.5,366328
FR,49.0,0.0,131414
FR,49.0,0.5,106075
FR,49.0,1.0,222039
FR,49.0,1.5,320360
FR,49.0,2.0,2433373
FR,49.0,2.5,7346026
FR,49.0,3.0,419358
FR,49.0,3.5,99758
FR,49.0,4.0,192536
FR,49.0,4.5,95599
FR,49.0,5.0,52428
FR,49.0,5.5,74775
FR,49.0,6.0,410225
FR,49.0,6.5,163936
FR,49.0,7.0,220343
FR,49.0,7.5,133981
FR,49.0,8.0,145649
FR,49.5,-2.0,23776
FR,49.5,-1.5,165022
FR,49.5,-1.0,27380
FR,49.5,-0.5,73294
FR,49.5,0.0,273136
FR,49.5,0.5,210290
FR,49.5,1.0,657994
FR,49.5,1.5,124360
FR,49.5,2.0,205531
FR,49.5,2.5,279765
FR,49.5,3.0,231959
FR,49.5,3.5,179345
FR,49.5,4.0,203181
FR,49.5,4.5,66021
FR,49.5,5.0,82055
FR,49.5,5.5,47594
FR,49.5,6.0,327277
FR,49.5,6.5,51489
FR,50.0,0.5,35558
FR,50.0,1.0,86552
FR,50.0,1.5,110140
FR,50.0,2.0,133961
FR,50.0,2.5,277152
FR,50.0,3.0,152454
FR,50.0,3.5,238611
FR,50.0,4.0,129695
FR,50.0,4.5,85839
FR,50.0,5.0,25325
FR,50.5,1.5,171512
FR,50.5,2.0,119557
FR,50.5,2.5,496005
FR,50.5,3.0,1798555
FR,50.5,3.5,419209
FR,50.5,4.0,96310
FR,51.0,1.5,25481
FR,51.0,2.0,210478
FR,51.0,2.5,243521
FR,51.0,3.0,57154
HR,42.5,17.0,252
HR,42.5,17.5,633
HR,42.5,18.0,47008
HR,42.5,18.5,6580
HR,43.0,16.0,2713
HR,43.0,16.5,11439
HR,43.0,17.0,16258
HR,43.0,17.5,44384
HR,43.0,18.0,1787
HR,43.5,15.5,688
HR,43.5,16.0,53560
HR,43.5,16.5,306015
HR,43.5,17.0,58203
HR,43.5,17.5,3063
HR,44.0,15.0,58365
HR,44.0,15.5,88142
HR,44.0,16.0,47662
HR,44.0,16.5,9607
HR,44.0,17.0,61
HR,44.5,14.0,13
HR,44.5,14.5,6898
HR,44.5,15.0,17844
HR,44.5,15.5,19431
HR,44.5,16.0,7308
HR,45.0,13.5,25034
HR,45.0,14.0,120044
HR,45.0,14.5,34164
HR,45.0,15.0,25515
HR,45.0,15.5,22740
HR,45.0,16.0,3100
HR,45.0,16.5,7110
HR,45.0,17.0,2529
HR,45.0,17.5,20492
HR,45.0,18.0,80088
HR,45.0,18.5,40360
HR,45.0,19.0,28422
HR,45.0,19.5,5311
HR,45.5,13.5,31184
HR,45.5,14.0,16915
HR,45.5,14.5,192317
HR,45.5,15.0,23689
HR,45.5,15.5,108285
HR,45.5,16.0,117883
HR,45.5,16.5,116315
HR,45.5,17.0,82916
HR,45.5,17.5,72061
HR,45.5,18.0,64712
HR,45.5,18.5,209329
HR,45.5,19.0,79680
HR,46.0,15.5,66866
HR,46.0,16.0,976376
HR,46.0,16.5,124800
HR,46.0,17.0,123510
HR,46.0,17.5,36202
HR,46.0,18.0,8037
HR,46.0,18.5,14683
HR,46.0,19.0,2015
HR,46.5,16.0,34185
HR,46.5,16.5,169572
HR,46.5,17.0,8852
HU,46.0,17.0,6243
HU,46.0,17.5,45634
HU,46.0,18.0,187725
HU,46.0,18.5,145086
HU,46.0,19.0,61128
HU,46.0,19.5,23109
HU,46.0,20.0,81251
HU,46.0,20.5,36791
HU,46.0,21.0,5
HU,46.5,16.5,23820
HU,46.5,17.0,98059
HU,46.5,17.5,77221
HU,46.5,18.0,135423
HU,46.5,18.5,116682
HU,46.5,19.0,112454
HU,46.5,19.5,90876
HU,46.5,20.0,230728
HU,46.5,20.5,124098
HU,46.5,21.0,122352
HU,46.5,21.5,37358
HU,47.0,16.0,1747
HU,47.0,16.5,137867
HU,47.0,17.0,148250
HU,47.0,17.5,125780
HU,47.0,18.0,207400
HU,47.0,18.5,219025
HU,47.0,19.0,188536
HU,47.0,19.5,222029
HU,47.0,20.0,213504
HU,47.0,20.5,115004
HU,47.0,21.0,96629
HU,47.0,21.5,76740
HU,47.0,22.0,3323
HU,47.5,16.5,124790
HU,47.5,17.0,112746
HU,47.5,17.5,275706
HU,47.5,18.0,125795
HU,47.5,18.5,227399
HU,47.5,19.0,2401410
HU,47.5,19.5,431290
HU,47.5,20.0,147082
HU,47.5,20.5,91866
HU,47.5,21.0,90949
HU,47.5,21.5,383362
HU,47.5,22.0,83983
HU,47.5,22.5,35
HU,48.0,16.5,22
HU,48.0,17.0,23163
HU,48.0,17.5,62009
HU,48.0,18.0,1851
HU,48.0,18.5,21957
HU,48.0,19.0,104300
HU,48.0,19.5,114167
HU,48.0,20.0,161733
HU,48.0,20.5,276709
HU,48.0,21.0,285024
HU,48.0,21.5,237315
HU,48.0,22.0,216675
HU,48.0,22.5,131237
HU,48.0,23.0,9493
HU,48.5,20.0,153
HU,48.5,20.5,73345
HU,48.5,21.0,49404
HU,48.5,21.5,50778
HU,48.5,22.0,43584
HU,48.5,22.5,2133
IT,35.5,12.5,4784
IT,36.0,13.0,291
IT,36.5,12.0,74
IT,36.5,14.5,2558
IT,36.5,15.0,35895
IT,37.0,12.0,5908
IT,37.0,13.5,1064
IT,37.0,14.0,99016
IT,37.0,14.5,282450
IT,37.0,15.0,270450
IT,37.0,15.5,95508
IT,37.5,12.5,61682
IT,37.5,13.0,103794
IT,37.5,13.5,253451
IT,37.5,14.0,223253
IT,37.5,14.5,149366
IT,37.5,15.0,905428
IT,38.0,12.0,577
IT,38.0,12.5,170532
IT,38.0,13.0,228255
IT,38.0,13.5,920702
IT,38.0,14.0,74730
IT,38.0,14.5,74560
IT,38.0,15.0,216290
IT,38.0,15.5,494229
IT,38.0,16.0,68045
IT,38.0,16.5,6471
IT,38.5,13.0,1037
IT,38.5,14.5,376
IT,38.5,15.0,10299
IT,38.5,15.5,23254
IT,38.5,16.0,248015
IT,38.5,16.5,109749
IT,39.0,8.0,10
IT,39.0,8.5,65236
IT,39.0,9.0,230500
IT,39.0,9.5,15454
IT,39.0,15.0,414
IT,39.0,16.0,44771
IT,39.0,16.5,266517
IT,39.0,17.0,122452
IT,39.5,8.5,88323
IT,39.5,9.0,321124
IT,39.5,9.5,29332
IT,39.5,16.0,227056
IT,39.5,16.5,208599
IT,39.5,17.0,54481
IT,40.0,8.5,71063
IT,40.0,9.0,59114
IT,40.0,9.5,52132
IT,40.0,15.0,21366
IT,40.0,15.5,61859
IT,40.0,16.0,108701
IT,40.0,16.5,82424
IT,40.0,18.0,235482
IT,40.0,18.5,169487
IT,40.5,8.0,1607
IT,40.5,8.5,203701
IT,40.5,9.0,55041
IT,40.5,9.5,85625
IT,40.5,10.0,1134
IT,40.5,14.0,65481
IT,40.5,14.5,462098
IT,40.5,15.0,449636
IT,40.5,15.5,131694
IT,40.5,16.0,124837
IT,40.5,16.5,120597
IT,40.5,17.0,192240
IT,40.5,17.5,540970
IT,40.5,18.0,467219
IT,40.5,18.5,19439
IT,41.0,8.0,1760
IT,41.0,8.5,71288
IT,41.0,9.0,46108
IT,41.0,9.5,90938
IT,41.0,13.0,6152
IT,41.0,13.5,20636
IT,41.0,14.0,1512180
IT,41.0,14.5,2331761
IT,41.0,15.0,412305
IT,41.0,15.5,100428
IT,41.0,16.0,93261
IT,41.0,16.5,536745
IT,41.0,17.0,732847
IT,41.0,17.5,88801
IT,41.5,9.0,1
IT,41.5,9.5,22
IT,41.5,12.0,1105
IT,41.5,12.5,525209
IT,41.5,13.0,522908
IT,41.5,13.5,447177
IT,41.5,14.0,198641
IT,41.5,14.5,157329
IT,41.5,15.0,69340
IT,41.5,15.5,309396
IT,41.5,16.0,153618
IT,41.5,16.5,148896
IT,42.0,11.5,2008
IT,42.0,12.0,269366
IT,42.0,12.5,3215891
IT,42.0,13.0,333780
IT,42.0,13.5,120168
IT,42.0,14.0,103802
IT,42.0,14.5,188382
IT,42.0,15.0,72867
IT,42.0,15.5,31338
IT,42.0,16.0,31460
IT,42.5,10.0,1839
IT,42.5,10.5,2356
IT,42.5,11.0,32161
IT,42.5,11.5,35229
IT,42.5,12.0,208143
IT,42.5,12.5,291271
IT,42.5,13.0,90830
IT,42.5,13.5,149464
IT,42.5,14.0,513833
IT,42.5,14.5,63895
IT,43.0,10.0,5448
IT,43.0,10.5,70679
IT,43.0,11.0,124374
IT,43.0,11.5,69608
IT,43.0,12.0,131792
IT,43.0,12.5,428810
IT,43.0,13.0,74158
IT,43.0,13.5,261628
IT,43.0,14.0,199145
IT,43.5,10.0,48
IT,43.5,10.5,527115
IT,43.5,11.0,323554
IT,43.5,11.5,264985
IT,43.5,12.0,243932
IT,43.5,12.5,116035
IT,43.5,13.0,246049
IT,43.5,13.5,455339
IT,43.5,14.0,8502
IT,44.0,7.5,62315
IT,44.0,8.0,203050
IT,44.0,8.5,35081
IT,44.0,9.5,15539
IT,44.0,10.0,412274
IT,44.0,10.5,400714
IT,44.0,11.0,934400
IT,44.0,11.5,286580
IT,44.0,12.0,269196
IT,44.0,12.5,506480
IT,44.0,13.0,200575
IT,44.5,7.0,3736
IT,44.5,7.5,291691
IT,44.5,8.0,209723
IT,44.5,8.5,232395
IT,44.5,9.0,699394
IT,44.5,9.5,94528
IT,44.5,10.0,79877
IT,44.5,10.5,424668
IT,44.5,11.0,717734
IT,44.5,11.5,841285
IT,44.5,12.0,392899
IT,44.5,12.5,45973
IT,45.0,6.5,2946
IT,45.0,7.0,57189
IT,45.0,7.5,1741756
IT,45.0,8.0,451605
IT,45.0,8.5,286988
IT,45.0,9.0,364953
IT,45.0,9.5,414581
IT,45.0,10.0,321885
IT,45.0,10.5,497415
IT,45.0,11.0,465459
IT,45.0,11.5,409836
IT,45.0,12.0,259902
IT,45.0,12.5,46719
IT,45.5,7.0,11183
IT,45.5,7.5,165759
IT,45.5,8.0,315327
IT,45.5,8.5,504589
IT,45.5,9.0,3897079
IT,45.5,9.5,2145893
IT,45.5,10.0,1051061
IT,45.5,10.5,520835
IT,45.5,11.0,737175
IT,45.5,11.5,854089
IT,45.5,12.0,1464651
IT,45.5,12.5,467092
IT,45.5,13.0,33658
IT,45.5,13.5,14318
IT,45.5,14.0,204558
IT,46.0,7.0,6637
IT,46.0,7.5,20793
IT,46.0,8.0,10105
IT,46.0,8.5,314457
IT,46.0,9.0,587580
IT,46.0,9.5,384745
IT,46.0,10.0,251542
IT,46.0,10.5,81751
IT,46.0,11.0,377285
IT,46.0,11.5,159249
IT,46.0,12.0,374255
IT,46.0,12.5,516055
IT,46.0,13.0,431356
IT,46.0,13.5,310751
IT,46.0,14.0,133
IT,46.5,8.0,7
IT,46.5,8.5,1639
IT,46.5,9.5,17769
IT,46.5,10.0,10516
IT,46.5,10.5,45214
IT,46.5,11.0,169915
IT,46.5,11.5,274488
IT,46.5,12.0,47899
IT,46.5,12.5,35558
IT,46.5,13.0,53770
IT,46.5,13.5,8541
IT,47.0,10.5,2249
IT,47.0,11.0,7069
IT,47.0,11.5,28827
IT,47.0,12.0,52669
IT,47.0,12.5,38
LT,54.0,23.5,9284
LT,54.0,24.0,23800
LT,54.0,24.5,10366
LT,54.0,25.0,7710
LT,54.0,25.5,2326
LT,54.0,26.0,143
LT,54.5,22.5,1454
LT,54.5,23.0,39948
LT,54.5,23.5,67240
LT,54.5,24.0,84672
LT,54.5,24.5,23181
LT,54.5,25.0,208340
LT,54.5,25.5,405713
LT,54.5,26.0,23
LT,55.0,21.5,1665
LT,55.0,22.0,9659
LT,55.0,22.5,17165
LT,55.0,23.0,34058
LT,55.0,23.5,29612
LT,55.0,24.0,352988
LT,55.0,24.5,66165
LT,55.0,25.0,64935
LT,55.0,25.5,80781
LT,55.0,26.0,20609
LT,55.0,26.5,2936
LT,55.5,21.0,130276
LT,55.5,21.5,69288
LT,55.5,22.0,29154
LT,55.5,22.5,33324
LT,55.5,23.0,39211
LT,55.5,23.5,20332
LT,55.5,24.0,43556
LT,55.5,24.5,95044
LT,55.5,25.0,31369
LT,55.5,25.5,38715
LT,55.5,26.0,18074
LT,55.5,26.5,29061
LT,55.5,27.0,102
LT,56.0,21.0,46290
LT,56.0,21.5,33875
LT,56.0,22.0,55830
LT,56.0,22.5,32269
LT,56.0,23.0,39806
LT,56.0,23.5,121232
LT,56.0,24.0,27492
LT,56.0,24.5,43022
LT,56.0,25.0,26472
LT,56.0,25.5,22392
LT,56.0,26.0,5876
LT,56.0,26.5,76
LT,56.5,21.5,5120
LT,56.5,22.0,11902
LT,56.5,22.5,30111
LT,56.5,23.0,10034
LT,56.5,23.5,6005
LT,56.5,24.0,1900
LT,56.5,24.5,2141
LT,56.5,25.0,1349
LV,55.5,26.5,1458
LV,55.5,27.0,351
LV,56.0,21.0,1100
LV,56.0,21.5,196
LV,56.0,25.0,468
LV,56.0,25.5,2747
LV,56.0,26.0,8036
LV,56.0,26.5,93988
LV,56.0,27.0,21483
LV,56.0,27.5,10901
LV,56.0,28.0,1903
LV,56.5,21.0,68351
LV,56.5,21.5,16882
LV,56.5,22.0,11674
LV,56.5,22.5,21883
LV,56.5,23.0,15797
LV,56.5,23.5,72292
LV,56.5,24.0,54352
LV,56.5,24.5,20071
LV,56.5,25.0,23335
LV,56.5,25.5,17318
LV,56.5,26.0,42036
LV,56.5,26.5,16192
LV,56.5,27.0,21189
LV,56.5,27.5,47816
LV,56.5,28.0,8112
LV,57.0,21.0,987
LV,57.0,21.5,8350
LV,57.0,22.0,17838
LV,57.0,22.5,23775
LV,57.0,23.0,32931
LV,57.0,23.5,37935
LV,57.0,24.0,638335
LV,57.0,24.5,99815
LV,57.0,25.0,34531
LV,57.0,25.5,12100
LV,57.0,26.0,19235
LV,57.0,26.5,16572
LV,57.0,27.0,15091
LV,57.0,27.5,16923
LV,57.0,28.0,790
LV,57.5,21.5,33467
LV,57.5,22.0,3646
LV,57.5,22.5,13665
LV,57.5,23.0,5923
LV,57.5,24.5,20584
LV,57.5,25.0,14554
LV,57.5,25.5,57998
LV,57.5,26.0,13838
LV,57.5,26.5,5865
LV,57.5,27.0,13591
LV,57.5,27.5,3134
LV,57.5,28.0,55
LV,58.0,22.5,39
LV,58.0,24.5,4312
LV,58.0,25.0,6758
LV,58.0,25.5,6996
LV,58.0,26.0,5021
NL,50.5,6.0,169
NL,51.0,3.5,117
NL,51.0,4.0,8899
NL,51.0,5.5,179041
NL,51.0,6.0,603161
NL,51.5,3.5,159664
NL,51.5,4.0,230754
NL,51.5,4.5,438542
NL,51.5,5.0,756325
NL,51.5,5.5,1193352
NL,51.5,6.0,389781
NL,52.0,4.0,377831
NL,52.0,4.5,3079362
NL,52.0,5.0,1360332
NL,52.0,5.5,1103205
NL,52.0,6.0,1018911
NL,52.0,6.5,341265
NL,52.0,7.0,183410
NL,52.5,4.5,746645
NL,52.5,5.0,2019939
NL,52.5,5.5,458941
NL,52.5,6.0,562609
NL,52.5,6.5,470993
NL,52.5,7.0,239055
NL,53.0,4.5,32441
NL,53.0,5.0,128800
NL,53.0,5.5,180386
NL,53.0,6.0,425188
NL,53.0,6.5,502070
NL,53.0,7.0,281212
NL,53.5,5.0,2732
NL,53.5,5.5,16476
NL,53.5,6.0,78736
NL,53.5,6.5,74553
NL,53.5,7.0,50410
NO,58.0,6.5,5093
NO,58.0,7.0,16594
NO,58.0,7.5,21802
NO,58.0,8.0,109434
NO,58.0,8.5,4582
NO,58.5,5.5,39731
NO,58.5,6.0,26003
NO,58.5,6.5,17012
NO,58.5,7.0,8643
NO,58.5,7.5,4557
NO,58.5,8.0,24614
NO,58.5,8.5,50222
NO,58.5,9.0,39494
NO,58.5,9.5,131
NO,59.0,5.0,3465
NO,59.0,5.5,261559
NO,59.0,6.0,63578
NO,59.0,6.5,1504
NO,59.0,7.0,746
NO,59.0,7.5,1587
NO,59.0,8.0,1821
NO,59.0,8.5,2873
NO,59.0,9.0,8120
NO,59.0,9.5,112258
NO,59.0,10.0,90017
NO,59.0,10.5,36693
NO,59.0,11.0,86194
NO,59.0,11.5,33189
NO,59.0,12.0,27
NO,59.5,5.0,16580
NO,59.5,5.5,83621
NO,59.5,6.0,11261
NO,59.5,6.5,7429
NO,59.5,7.0,65
NO,59.5,7.5,1872
NO,59.5,8.0,5130
NO,59.5,8.5,5742
NO,59.5,9.0,16902
NO,59.5,9.5,44328
NO,59.5,10.0,79915
NO,59.5,10.5,223110
NO,59.5,11.0,155217
NO,59.5,11.5,32295
NO,59.5,12.0,575
NO,60.0,5.0,12837
NO,60.0,5.5,50217
NO,60.0,6.0,9736
NO,60.0,6.5,5441
NO,60.0,7.0,398
NO,60.0,7.5,245
NO,60.0,8.0,114
NO,60.0,8.5,5067
NO,60.0,9.0,3243
NO,60.0,9.5,8041
NO,60.0,10.0,85643
NO,60.0,10.5,510944
NO,60.0,11.0,743957
NO,60.0,11.5,49443
NO,60.0,12.0,23614
NO,60.0,12.5,726
NO,60.5,4.5,12
NO,60.5,5.0,103379
NO,60.5,5.5,268075
NO,60.5,6.0,9874
NO,60.5,6.5,20649
NO,60.5,7.0,2074
NO,60.5,7.5,527
NO,60.5,8.0,4367
NO,60.5,8.5,6104
NO,60.5,9.0,10500
NO,60.5,9.5,1908
NO,60.5,10.0,2427
NO,60.5,10.5,38680
NO,60.5,11.0,46192
NO,60.5,11.5,16610
NO,60.5,12.0,17802
NO,60.5,12.5,891
NO,61.0,4.5,495
NO,61.0,5.0,9445
NO,61.0,5.5,2170
NO,61.0,6.0,4057
NO,61.0,6.5,3666
NO,61.0,7.0,10268
NO,61.0,7.5,4522
NO,61.0,8.0,709
NO,61.0,8.5,3130
NO,61.0,9.0,9516
NO,61.0,9.5,6037
NO,61.0,10.0,10664
NO,61.0,10.5,70245
NO,61.0,11.0,62259
NO,61.0,11.5,32492
NO,61.0,12.0,1352
NO,61.0,12.5,380
NO,61.0,13.0,8
NO,61.5,4.5,526
NO,61.5,5.0,8077
NO,61.5,5.5,7045
NO,61.5,6.0,16830
NO,61.5,6.5,2493
NO,61.5,7.0,1627
NO,61.5,7.5,3836
NO,61.5,8.0,4086
NO,61.5,8.5,659
NO,61.5,9.0,531
NO,61.5,9.5,5180
NO,61.5,10.0,11543
NO,61.5,10.5,2458
NO,61.5,11.0,2754
NO,61.5,11.5,678
NO,61.5,12.0,2490
NO,61.5,12.5,3297
NO,61.5,13.0,124
NO,62.0,5.0,6338
NO,62.0,5.5,6202
NO,62.0,6.0,24889
NO,62.0,6.5,6819
NO,62.0,7.0,2495
NO,62.0,7.5,965
NO,62.0,8.0,805
NO,62.0,8.5,3238
NO,62.0,9.0,5864
NO,62.0,9.5,6662
NO,62.0,10.0,1870
NO,62.0,10.5,2696
NO,62.0,11.0,1338
NO,62.0,11.5,538
NO,62.0,12.0,1086
NO,62.5,5.5,5632
NO,62.5,6.0,30602
NO,62.5,6.5,53953
NO,62.5,7.0,25701
NO,62.5,7.5,6124
NO,62.5,8.0,2721
NO,62.5,8.5,8581
NO,62.5,9.0,1108
NO,62.5,9.5,6482
NO,62.5,10.0,682
NO,62.5,10.5,1339
NO,62.5,11.0,7288
NO,62.5,11.5,6325
NO,62.5,12.0,245
NO,63.0,6.5,516
NO,63.0,7.0,14658
NO,63.0,7.5,25314
NO,63.0,8.0,14641
NO,63.0,8.5,6894
NO,63.0,9.0,2954
NO,63.0,9.5,5501
NO,63.0,10.0,8214
NO,63.0,10.5,10801
NO,63.0,11.0,4113
NO,63.0,11.5,1931
NO,63.0,12.0,480
NO,63.5,8.0,2350
NO,63.5,8.5,5035
NO,63.5,9.0,7294
NO,63.5,9.5,6830
NO,63.5,10.0,30680
NO,63.5,10.5,220136
NO,63.5,11.0,42012
NO,63.5,11.5,8079
NO,63.5,12.0,1390
NO,63.5,12.5,4
NO,64.0,8.5,204
NO,64.0,9.0,345
NO,64.0,9.5,1509
NO,64.0,10.0,6161
NO,64.0,10.5,1080
NO,64.0,11.0,6230
NO,64.0,11.5,41652
NO,64.0,12.0,388
NO,64.0,12.5,1478
NO,64.0,13.0,51
NO,64.0,13.5,16
NO,64.0,14.0,131
NO,64.5,10.5,479
NO,64.5,11.0,1736
NO,64.5,11.5,13272
NO,64.5,12.0,4168
NO,64.5,12.5,3348
NO,64.5,13.0,242
NO,64.5,13.5,1151
NO,64.5,14.0,121
NO,65.0,11.0,3648
NO,65.0,11.5,5387
NO,65.0,12.0,406
NO,65.0,12.5,1271
NO,65.0,13.0,722
NO,65.0,13.5,497
NO,65.0,14.0,88
NO,65.5,12.0,8969
NO,65.5,12.5,997
NO,65.5,13.0,56
NO,65.5,13.5,1365
NO,65.5,14.0,1348
NO,65.5,14.5,57
NO,66.0,12.0,116
NO,66.0,12.5,8875
NO,66.0,13.0,16216
NO,66.0,13.5,1126
NO,66.0,14.0,2802
NO,66.0,14.5,113
NO,66.5,12.0,296
NO,66.5,12.5,513
NO,66.5,13.0,1574
NO,66.5,13.5,953
NO,66.5,14.0,23891
NO,66.5,14.5,862
NO,66.5,15.0,70
NO,66.5,15.5,62
NO,67.0,13.0,64
NO,67.0,13.5,3374
NO,67.0,14.0,3643
NO,67.0,14.5,1093
NO,67.0,15.0,448
NO,67.0,15.5,4799
NO,67.0,16.0,137
NO,67.5,12.0,452
NO,67.5,12.5,490
NO,67.5,14.0,18
NO,67.5,14.5,45398
NO,67.5,15.0,567
NO,67.5,15.5,10442
NO,67.5,16.0,59
NO,67.5,16.5,1
NO,68.0,13.0,883
NO,68.0,13.5,8676
NO,68.0,14.0,1659
NO,68.0,14.5,6096
NO,68.0,15.0,1685
NO,68.0,15.5,1096
NO,68.0,16.0,872
NO,68.0,16.5,1235
NO,68.0,17.0,2
NO,68.0,17.5,28
NO,68.0,18.0,3
NO,68.5,13.5,73
NO,68.5,14.0,172
NO,68.5,14.5,2401
NO,68.5,15.0,5356
NO,68.5,15.5,8582
NO,68.5,16.0,1451
NO,68.5,16.5,5775
NO,68.5,17.0,3790
NO,68.5,17.5,18024
NO,68.5,18.0,893
NO,68.5,18.5,86
NO,68.5,19.0,1169
NO,68.5,19.5,19
NO,68.5,20.0,2
NO,68.5,22.5,1
NO,68.5,23.0,1
NO,68.5,23.5,12
NO,69.0,14.5,214
NO,69.0,15.0,3233
NO,69.0,15.5,1347
NO,69.0,16.0,2087
NO,69.0,16.5,21709
NO,69.0,17.0,1884
NO,69.0,17.5,1694
NO,69.0,18.0,13924
NO,69.0,18.5,8198
NO,69.0,19.0,2047
NO,69.0,19.5,3017
NO,69.0,20.0,59
NO,69.0,20.5,56
NO,69.0,21.0,8
NO,69.0,22.0,1
NO,69.0,22.5,12
NO,69.0,23.0,2478
NO,69.0,23.5,181
NO,69.0,24.0,42
NO,69.0,24.5,4
NO,69.0,25.5,12
NO,69.0,26.0,1
NO,69.0,29.0,2
NO,69.5,16.0,3523
NO,69.5,17.0,496
NO,69.5,17.5,515
NO,69.5,18.0,1554
NO,69.5,18.5,1708
NO,69.5,19.0,61170
NO,69.5,19.5,852
NO,69.5,20.0,3251
NO,69.5,20.5,1952
NO,69.5,21.0,1108
NO,69.5,21.5,53
NO,69.5,22.0,21
NO,69.5,22.5,4
NO,69.5,23.5,161
NO,69.5,24.0,5
NO,69.5,24.5,50
NO,69.5,25.0,9
NO,69.5,25.5,2360
NO,69.5,26.0,277
NO,69.5,29.0,7
NO,69.5,29.5,90
NO,69.5,30.0,8955
NO,69.5,30.5,36
NO,69.5,31.0,7
NO,70.0,18.0,2
NO,70.0,18.5,68
NO,70.0,19.0,242
NO,70.0,19.5,1562
NO,70.0,20.0,1239
NO,70.0,20.5,105
NO,70.0,21.0,7312
NO,70.0,21.5,75
NO,70.0,22.0,1163
NO,70.0,22.5,690
NO,70.0,23.0,5030
NO,70.0,23.5,13674
NO,70.0,24.0,26
NO,70.0,24.5,3
NO,70.0,25.0,3350
NO,70.0,25.5,7
NO,70.0,26.0,3
NO,70.0,26.5,10
NO,70.0,27.0,53
NO,70.0,27.5,90
NO,70.0,28.0,2508
NO,70.0,28.5,573
NO,70.0,29.0,214
NO,70.0,29.5,3448
NO,70.0,30.0,1354
NO,70.0,30.5,56
NO,70.0,31.0,223
NO,70.5,21.5,3
NO,70.5,22.0,695
NO,70.5,22.5,217
NO,70.5,23.0,36
NO,70.5,23.5,8184
NO,70.5,24.0,652
NO,70.5,24.5,246
NO,70.5,25.0,401
NO,70.5,25.5,1238
NO,70.5,26.0,9
NO,70.5,26.5,107
NO,70.5,27.0,108
NO,70.5,27.5,31
NO,70.5,28.0,113
NO,70.5,28.5,114
NO,70.5,29.0,33
NO,70.5,29.5,1527
NO,70.5,30.0,26
NO,70.5,30.5,40
NO,70.5,31.0,1495
NO,71.0,23.0,1
NO,71.0,23.5,17
NO,71.0,24.0,16
NO,71.0,24.5,1010
NO,71.0,25.0,22
NO,71.0,25.5,282
NO,71.0,26.0,1345
NO,71.0,26.5,128
NO,71.0,27.0,1
NO,71.0,27.5,984
NO,71.0,28.0,427
NO,71.0,28.5,23
NO,71.0,29.0,858
PL,49.0,20.0,78
PL,49.0,22.0,428
PL,49.0,22.5,3391
PL,49.0,23.0,62
PL,49.5,18.5,26975
PL,49.5,19.0,183837
PL,49.5,19.5,111137
PL,49.5,20.0,295800
PL,49.5,20.5,305488
PL,49.5,21.0,200733
PL,49.5,21.5,155951
PL,49.5,22.0,223443
PL,49.5,22.5,70150
PL,49.5,23.0,4603
PL,50.0,16.5,8711
PL,50.0,17.0,903
PL,50.0,17.5,2566
PL,50.0,18.0,117666
PL,50.0,18.5,704974
PL,50.0,19.0,1148200
PL,50.0,19.5,520296
PL,50.0,20.0,1225846
PL,50.0,20.5,297381
PL,50.0,21.0,373237
PL,50.0,21.5,301154
PL,50.0,22.0,483266
PL,50.0,22.5,262869
PL,50.0,23.0,169809
PL,50.0,23.5,4782
PL,50.5,15.5,11
PL,50.5,16.0,33522
PL,50.5,16.5,240698
PL,50.5,17.0,123949
PL,50.5,17.5,187571
PL,50.5,18.0,346430
PL,50.5,18.5,379277
PL,50.5,19.0,1446852
PL,50.5,19.5,332838
PL,50.5,20.0,130868
PL,50.5,20.5,160688
PL,50.5,21.0,128094
PL,50.5,21.5,289204
PL,50.5,22.0,223451
PL,50.5,22.5,163407
PL,50.5,23.0,107451
PL,50.5,23.5,163291
PL,50.5,24.0,27038
PL,51.0,15.0,85114
PL,51.0,15.5,211626
PL,51.0,16.0,321489
PL,51.0,16.5,342697
PL,51.0,17.0,870967
PL,51.0,17.5,244145
PL,51.0,18.0,123561
PL,51.0,18.5,147076
PL,51.0,19.0,379065
PL,51.0,19.5,164615
PL,51.0,20.0,87724
PL,51.0,20.5,395864
PL,51.0,21.0,282539
PL,51.0,21.5,176954
PL,51.0,22.0,159905
PL,51.0,22.5,413649
PL,51.0,23.0,125593
PL,51.0,23.5,142195
PL,51.0,24.0,45497
PL,51.5,14.5,2448
PL,51.5,15.0,92694
PL,51.5,15.5,149433
PL,51.5,16.0,280874
PL,51.5,16.5,117162
PL,51.5,17.0,153978
PL,51.5,17.5,163572
PL,51.5,18.0,287256
PL,51.5,18.5,139993
PL,51.5,19.0,179014
PL,51.5,19.5,581170
PL,51.5,20.0,182859
PL,51.5,20.5,124759
PL,51.5,21.0,351917
PL,51.5,21.5,155627
PL,51.5,22.0,192995
PL,51.5,22.5,273015
PL,51.5,23.0,97461
PL,51.5,23.5,43714
PL,52.0,14.5,14302
PL,52.0,15.0,72747
PL,52.0,15.5,337399
PL,52.0,16.0,116552
PL,52.0,16.5,248996
PL,52.0,17.0,206563
PL,52.0,17.5,181163
PL,52.0,18.0,242811
PL,52.0,18.5,207784
PL,52.0,19.0,110817
PL,52.0,19.5,720982
PL,52.0,20.0,228305
PL,52.0,20.5,298102
PL,52.0,21.0,1756295
PL,52.0,21.5,287552
PL,52.0,22.0,123699
PL,52.0,22.5,224771
PL,52.0,23.0,148447
PL,52.0,23.5,41991
PL,52.5,14.5,64368
PL,52.5,15.0,134601
PL,52.5,15.5,114833
PL,52.5,16.0,101283
PL,52.5,16.5,198319
PL,52.5,17.0,904169
PL,52.5,17.5,213009
PL,52.5,18.0,153641
PL,52.5,18.5,134563
PL,52.5,19.0,230230
PL,52.5,19.5,208054
PL,52.5,20.0,135710
PL,52.5,20.5,159323
PL,52.5,21.0,1075719
PL,52.5,21.5,194470
PL,52.5,22.0,101615
PL,52.5,22.5,67706
PL,52.5,23.0,56083
PL,52.5,23.5,29480
PL,52.5,24.0,1884
PL,53.0,14.0,3564
PL,53.0,14.5,66267
PL,53.0,15.0,128060
PL,53.0,15.5,97595
PL,53.0,16.0,55962
PL,53.0,16.5,128971
PL,53.0,17.0,169959
PL,53.0,17.5,143036
PL,53.0,18.0,540479
PL,53.0,18.5,413766
PL,53.0,19.0,160887
PL,53.0,19.5,130981
PL,53.0,20.0,107613
PL,53.0,20.5,163686
PL,53.0,21.0,92375
PL,53.0,21.5,135707
PL,53.0,22.0,184739
PL,53.0,22.5,79127
PL,53.0,23.0,445268
PL,53.0,23.5,40357
PL,53.0,24.0,5514
PL,53.5,14.5,525310
PL,53.5,15.0,175860
PL,53.5,15.5,58194
PL,53.5,16.0,67048
PL,53.5,16.5,106314
PL,53.5,17.0,86008
PL,53.5,17.5,147092
PL,53.5,18.0,101452
PL,53.5,18.5,171736
PL,53.5,19.0,219485
PL,53.5,19.5,155335
PL,53.5,20.0,109320
PL,53.5,20.5,102190
PL,53.5,21.0,78750
PL,53.5,21.5,51563
PL,53.5,22.0,79832
PL,53.5,22.5,70612
PL,53.5,23.0,58760
PL,53.5,23.5,61989
PL,53.5,24.0,1693
PL,54.0,14.0,23751
PL,54.0,14.5,38416
PL,54.0,15.0,66521
PL,54.0,15.5,118244
PL,54.0,16.0,221750
PL,54.0,16.5,48989
PL,54.0,17.0,46159
PL,54.0,17.5,70201
PL,54.0,18.0,123864
PL,54.0,18.5,198349
PL,54.0,19.0,233298
PL,54.0,19.5,203916
PL,54.0,20.0,74497
PL,54.0,20.5,235357
PL,54.0,21.0,77990
PL,54.0,21.5,110588
PL,54.0,22.0,75263
PL,54.0,22.5,128728
PL,54.0,23.0,149020
PL,54.0,23.5,17326
PL,54.5,16.0,3818
PL,54.5,16.5,54990
PL,54.5,17.0,166266
PL,54.5,17.5,77852
PL,54.5,18.0,224316
PL,54.5,18.5,1037976
PL,54.5,19.0,35993
PL,54.5,19.5,13276
PL,54.5,20.0,29729
PL,54.5,20.5,13120
PL,54.5,21.0,25518
PL,54.5,21.5,4151
PL,54.5,22.0,4875
PL,54.5,22.5,21226
PL,54.5,23.0,9007
PL,54.5,23.5,53
PL,55.0,17.5,5515
PL,55.0,18.0,17103
PL,55.0,18.5,20077
PT,37.0,-9.0,7253
PT,37.0,-8.5,157791
PT,37.0,-8.0,228185
PT,37.0,-7.5,50303
PT,37.5,-9.0,12110
PT,37.5,-8.5,27942
PT,37.5,-8.0,18990
PT,37.5,-7.5,7768
PT,38.0,-9.0,21330
PT,38.0,-8.5,34289
PT,38.0,-8.0,51583
PT,38.0,-7.5,24568
PT,38.0,-7.0,5167
PT,38.5,-9.5,349272
PT,38.5,-9.0,1329943
PT,38.5,-8.5,32099
PT,38.5,-8.0,71740
PT,38.5,-7.5,28900
PT,38.5,-7.0,107
PT,39.0,-9.5,526902
PT,39.0,-9.0,1100926
PT,39.0,-8.5,84143
PT,39.0,-8.0,21582
PT,39.0,-7.5,40801
PT,39.0,-7.0,23669
PT,39.5,-9.5,29138
PT,39.5,-9.0,261677
PT,39.5,-8.5,208121
PT,39.5,-8.0,56329
PT,39.5,-7.5,35991
PT,39.5,-7.0,467
PT,40.0,-9.0,131444
PT,40.0,-8.5,262474
PT,40.0,-8.0,54366
PT,40.0,-7.5,84784
PT,40.0,-7.0,9367
PT,40.5,-9.0,9287
PT,40.5,-8.5,333479
PT,40.5,-8.0,212117
PT,40.5,-7.5,113389
PT,40.5,-7.0,32049
PT,41.0,-8.5,1631086
PT,41.0,-8.0,192369
PT,41.0,-7.5,66007
PT,41.0,-7.0,24814
PT,41.0,-6.5,521
PT,41.5,-9.0,119225
PT,41.5,-8.5,979136
PT,41.5,-8.0,226505
PT,41.5,-7.5,96973
PT,41.5,-7.0,44987
PT,41.5,-6.5,18311
PT,41.5,-6.0,201
PT,42.0,-9.0,18614
PT,42.0,-8.5,102241
PT,42.0,-8.0,6719
PT,42.0,-7.5,14489
PT,42.0,-7.0,26505
PT,42.0,-6.5,3614
SE,55.5,13.0,636074
SE,55.5,13.5,84774
SE,55.5,14.0,61162
SE,55.5,14.5,11359
SE,56.0,12.5,143095
SE,56.0,13.0,215369
SE,56.0,13.5,94003
SE,56.0,14.0,112884
SE,56.0,14.5,54839
SE,56.0,15.0,30265
SE,56.0,15.5,69179
SE,56.0,16.0,6561
SE,56.0,16.5,47
SE,56.5,12.5,14776
SE,56.5,13.0,139062
SE,56.5,13.5,30358
SE,56.5,14.0,38583
SE,56.5,14.5,24118
SE,56.5,15.0,17439
SE,56.5,15.5,23135
SE,56.5,16.0,32858
SE,56.5,16.5,59484
SE,56.5,17.0,1
SE,57.0,12.0,9129
SE,57.0,12.5,94969
SE,57.0,13.0,21224
SE,57.0,13.5,18668
SE,57.0,14.0,53744
SE,57.0,14.5,32452
SE,57.0,15.0,84896
SE,57.0,15.5,13247
SE,57.0,16.0,12047
SE,57.0,16.5,25433
SE,57.0,17.0,2807
SE,57.0,18.0,715
SE,57.0,18.5,4470
SE,57.5,11.5,13468
SE,57.5,12.0,710887
SE,57.5,12.5,58559
SE,57.5,13.0,112984
SE,57.5,13.5,39404
SE,57.5,14.0,42016
SE,57.5,14.5,43190
SE,57.5,15.0,39999
SE,57.5,15.5,10950
SE,57.5,16.0,25525
SE,57.5,16.5,28371
SE,57.5,17.0,467
SE,57.5,18.0,5708
SE,57.5,18.5,37726
SE,57.5,19.0,2548
SE,58.0,11.5,30101
SE,58.0,12.0,252487
SE,58.0,12.5,95683
SE,58.0,13.0,43210
SE,58.0,13.5,49665
SE,58.0,14.0,104659
SE,58.0,14.5,43712
SE,58.0,15.0,32203
SE,58.0,15.5,14332
SE,58.0,16.0,12671
SE,58.0,16.5,27980
SE,58.0,17.0,1055
SE,58.0,18.5,1404
SE,58.0,19.0,2338
SE,58.0,19.5,108
SE,58.5,11.0,2555
SE,58.5,11.5,43837
SE,58.5,12.0,58934
SE,58.5,12.5,103565
SE,58.5,13.0,50865
SE,58.5,13.5,42805
SE,58.5,14.0,96690
SE,58.5,14.5,17283
SE,58.5,15.0,69516
SE,58.5,15.5,168023
SE,58.5,16.0,165537
SE,58.5,16.5,33362
SE,58.5,17.0,23286
SE,58.5,17.5,102
SE,58.5,19.0,12
SE,59.0,11.0,11461
SE,59.0,11.5,3818
SE,59.0,12.0,12595
SE,59.0,12.5,18541
SE,59.0,13.0,12802
SE,59.0,13.5,59
SE,59.0,14.0,11137
SE,59.0,14.5,16348
SE,59.0,15.0,66297
SE,59.0,15.5,18078
SE,59.0,16.0,39414
SE,59.0,16.5,23502
SE,59.0,17.0,49148
SE,59.0,17.5,142002
SE,59.0,18.0,391590
SE,59.0,18.5,12221
SE,59.0,19.0,10
SE,59.5,11.5,2
SE,59.5,12.0,10376
SE,59.5,12.5,22265
SE,59.5,13.0,21166
SE,59.5,13.5,116992
SE,59.5,14.0,32286
SE,59.5,14.5,39053
SE,59.5,15.0,139563
SE,59.5,15.5,19923
SE,59.5,16.0,70458
SE,59.5,16.5,249308
SE,59.5,17.0,70922
SE,59.5,17.5,86418
SE,59.5,18.0,1838833
SE,59.5,18.5,160405
SE,59.5,19.0,5680
SE,59.5,19.5,28
SE,60.0,12.0,1326
SE,60.0,12.5,8241
SE,60.0,13.0,18925
SE,60.0,13.5,15272
SE,60.0,14.0,1199
SE,60.0,14.5,6697
SE,60.0,15.0,29286
SE,60.0,15.5,14790
SE,60.0,16.0,39508
SE,60.0,16.5,27837
SE,60.0,17.0,19321
SE,60.0,17.5,222052
SE,60.0,18.0,32858
SE,60.0,18.5,39474
SE,60.0,19.0,8676
SE,60.0,19.5,3
SE,60.5,12.5,438
SE,60.5,13.0,3711
SE,60.5,13.5,6816
SE,60.5,14.0,4889
SE,60.5,14.5,2988
SE,60.5,15.0,24088
SE,60.5,15.5,103506
SE,60.5,16.0,25918
SE,60.5,16.5,25583
SE,60.5,17.0,106864
SE,60.5,17.5,30465
SE,60.5,18.0,6128
SE,60.5,18.5,5348
SE,61.0,12.5,378
SE,61.0,13.0,2223
SE,61.0,13.5,1229
SE,61.0,14.0,3798
SE,61.0,14.5,25462
SE,61.0,15.0,13534
SE,61.0,15.5,2235
SE,61.0,16.0,3018
SE,61.0,16.5,9499
SE,61.0,17.0,8818
SE,61.0,17.5,373
SE,61.5,12.5,81
SE,61.5,13.0,1196
SE,61.5,13.5,825
SE,61.5,14.0,1359
SE,61.5,14.5,295
SE,61.5,15.0,591
SE,61.5,15.5,1118
SE,61.5,16.0,13779
SE,61.5,16.5,23782
SE,61.5,17.0,43088
SE,61.5,17.5,381
SE,62.0,12.0,12
SE,62.0,12.5,420
SE,62.0,13.0,929
SE,62.0,13.5,695
SE,62.0,14.0,726
SE,62.0,14.5,3511
SE,62.0,15.0,957
SE,62.0,15.5,1097
SE,62.0,16.0,13346
SE,62.0,16.5,6705
SE,62.0,17.0,11478
SE,62.0,17.5,4987
SE,62.5,12.0,111
SE,62.5,12.5,1737
SE,62.5,13.0,116
SE,62.5,13.5,873
SE,62.5,14.0,2120
SE,62.5,14.5,985
SE,62.5,15.0,605
SE,62.5,15.5,5170
SE,62.5,16.0,3493
SE,62.5,16.5,4828
SE,62.5,17.0,19841
SE,62.5,17.5,83734
SE,62.5,18.0,19954
SE,63.0,12.0,7
SE,63.0,12.5,79
SE,63.0,13.0,680
SE,63.0,13.5,100
SE,63.0,14.0,782
SE,63.0,14.5,54818
SE,63.0,15.0,11177
SE,63.0,15.5,3076
SE,63.0,16.0,1841
SE,63.0,16.5,3514
SE,63.0,17.0,5636
SE,63.0,17.5,11759
SE,63.0,18.0,13530
SE,63.0,18.5,6182
SE,63.0,19.0,659
SE,63.5,12.0,788
SE,63.5,12.5,487
SE,63.5,13.0,3053
SE,63.5,13.5,3731
SE,63.5,14.0,5156
SE,63.5,14.5,6865
SE,63.5,15.0,4448
SE,63.5,15.5,1897
SE,63.5,16.0,817
SE,63.5,16.5,1840
SE,63.5,17.0,2915
SE,63.5,17.5,552
SE,63.5,18.0,3631
SE,63.5,18.5,33947
SE,63.5,19.0,9251
SE,63.5,19.5,5517
SE,63.5,20.0,5113
SE,63.5,20.5,7246
SE,63.5,21.0,1
SE,64.0,12.5,49
SE,64.0,13.0,249
SE,64.0,13.5,92
SE,64.0,14.0,198
SE,64.0,14.5,72
SE,64.0,15.0,405
SE,64.0,15.5,5149
SE,64.0,16.0,1328
SE,64.0,16.5,1552
SE,64.0,17.0,220
SE,64.0,17.5,2535
SE,64.0,18.0,113
SE,64.0,18.5,768
SE,64.0,19.0,2245
SE,64.0,19.5,7145
SE,64.0,20.0,40404
SE,64.0,20.5,70843
SE,64.0,21.0,4440
SE,64.5,13.5,4
SE,64.5,14.0,773
SE,64.5,14.5,22
SE,64.5,15.0,87
SE,64.5,15.5,307
SE,64.5,16.0,142
SE,64.5,16.5,8536
SE,64.5,17.0,180
SE,64.5,17.5,26
SE,64.5,18.0,53
SE,64.5,18.5,10757
SE,64.5,19.0,502
SE,64.5,19.5,1995
SE,64.5,20.0,1027
SE,64.5,20.5,4978
SE,64.5,21.0,28772
SE,64.5,21.5,2022
SE,65.0,14.0,17
SE,65.0,14.5,9
SE,65.0,15.0,120
SE,65.0,15.5,110
SE,65.0,16.0,469
SE,65.0,16.5,188
SE,65.0,17.0,3913
SE,65.0,17.5,374
SE,65.0,18.0,278
SE,65.0,18.5,2469
SE,65.0,19.0,1509
SE,65.0,19.5,3170
SE,65.0,20.0,2697
SE,65.0,20.5,2560
SE,65.0,21.0,31064
SE,65.0,21.5,2791
SE,65.0,22.0,6
SE,65.5,15.0,169
SE,65.5,15.5,287
SE,65.5,16.0,153
SE,65.5,16.5,80
SE,65.5,17.0,116
SE,65.5,17.5,1922
SE,65.5,18.0,659
SE,65.5,18.5,379
SE,65.5,19.0,4864
SE,65.5,19.5,878
SE,65.5,20.0,388
SE,65.5,20.5,1322
SE,65.5,21.0,8276
SE,65.5,21.5,34806
SE,65.5,22.0,55112
SE,65.5,22.5,2199
SE,65.5,23.0,71
SE,65.5,23.5,245
SE,65.5,24.0,65
SE,66.0,14.5,11
SE,66.0,15.0,1030
SE,66.0,15.5,26
SE,66.0,16.0,186
SE,66.0,16.5,6
SE,66.0,17.0,95
SE,66.0,17.5,143
SE,66.0,18.0,2507
SE,66.0,18.5,2
SE,66.0,19.0,31
SE,66.0,19.5,344
SE,66.0,20.0,409
SE,66.0,20.5,1187
SE,66.0,21.0,1419
SE,66.0,21.5,21703
SE,66.0,22.0,3965
SE,66.0,22.5,5020
SE,66.0,23.0,10201
SE,66.0,23.5,3536
SE,66.0,24.0,9032
SE,66.5,16.0,1
SE,66.5,16.5,18
SE,66.5,17.0,28
SE,66.5,17.5,3
SE,66.5,18.0,5
SE,66.5,18.5,6
SE,66.5,19.0,2
SE,66.5,19.5,136
SE,66.5,20.0,2798
SE,66.5,20.5,608
SE,66.5,21.0,371
SE,66.5,21.5,27
SE,66.5,22.0,179
SE,66.5,22.5,546
SE,66.5,23.0,2724
SE,66.5,23.5,2743
SE,66.5,24.0,542
SE,67.0,17.5,2
SE,67.0,18.0,8
SE,67.0,18.5,112
SE,67.0,19.0,17
SE,67.0,19.5,42
SE,67.0,20.0,668
SE,67.0,20.5,14561
SE,67.0,21.0,1130
SE,67.0,21.5,903
SE,67.0,22.0,284
SE,67.0,22.5,709
SE,67.0,23.0,950
SE,67.0,23.5,1823
SE,67.0,24.0,912
SE,67.5,18.0,2
SE,67.5,18.5,23
SE,67.5,19.0,7
SE,67.5,20.0,84
SE,67.5,20.5,175
SE,67.5,21.0,1565
SE,67.5,21.5,485
SE,67.5,22.0,221
SE,67.5,22.5,1051
SE,67.5,23.0,257
SE,67.5,23.5,410
SE,67.5,24.0,190
SE,68.0,18.0,17
SE,68.0,18.5,163
SE,68.0,19.0,53
SE,68.0,19.5,28
SE,68.0,20.0,9701
SE,68.0,20.5,9256
SE,68.0,21.0,99
SE,68.0,21.5,37
SE,68.0,22.0,26
SE,68.0,22.5,25
SE,68.0,23.0,237
SE,68.0,23.5,291
SE,68.5,18.0,80
SE,68.5,18.5,85
SE,68.5,19.0,149
SE,68.5,19.5,4
SE,68.5,20.0,5
SE,68.5,21.0,5
SE,68.5,21.5,2
SE,68.5,22.0,297
SE,68.5,22.5,322
SE,68.5,23.0,159
SE,69.0,20.0,2
SE,69.0,20.5,3
SE,69.0,21.0,18
SI,45.5,13.5,68433
SI,45.5,14.0,60857
SI,45.5,14.5,16920
SI,45.5,15.0,38040
SI,45.5,15.5,8736
SI,46.0,13.5,45265
SI,46.0,14.0,104898
SI,46.0,14.5,626725
SI,46.0,15.0,197123
SI,46.0,15.5,160958
SI,46.0,16.0,281
SI,46.5,13.5,5136
SI,46.5,14.0,66158
SI,46.5,14.5,56535
SI,46.5,15.0,152904
SI,46.5,15.5,263383
SI,46.5,16.0,171142
SI,46.5,16.5,26076
SI,47.0,16.0,10581
SI,47.0,16.5,1478
SK,47.5,18.0,742
SK,47.5,18.5,884
SK,48.0,17.0,428900
SK,48.0,17.5,238641
SK,48.0,18.0,264413
SK,48.0,18.5,161704
SK,48.0,19.0,38569
SK,48.0,19.5,31789
SK,48.0,20.0,11707
SK,48.5,17.0,119705
SK,48.5,17.5,292213
SK,48.5,18.0,338792
SK,48.5,18.5,188549
SK,48.5,19.0,246324
SK,48.5,19.5,115631
SK,48.5,20.0,138014
SK,48.5,20.5,78778
SK,48.5,21.0,173628
SK,48.5,21.5,228645
SK,48.5,22.0,123577
SK,48.5,22.5,1923
SK,49.0,17.0,33962
SK,49.0,17.5,30369
SK,49.0,18.0,208683
SK,49.0,18.5,315040
SK,49.0,19.0,200810
SK,49.0,19.5,190846
SK,49.0,20.0,62101
SK,49.0,20.5,282571
SK,49.0,21.0,238578
SK,49.0,21.5,256242
SK,49.0,22.0,162327
SK,49.0,22.5,7786
SK,49.5,18.0,261
SK,49.5,18.5,54685
SK,49.5,19.0,103648
SK,49.5,19.5,102137
SK,49.5,20.0,3273
SK,49.5,20.5,51606
SK,49.5,21.0,26424
SK,49.5,21.5,70447
SK,49.5,22.0,10068
UK,50.0,-6.5,2120
UK,50.0,-5.5,120955
UK,50.0,-5.0,89164
UK,50.0,-4.0,3226
UK,50.0,-3.5,598
UK,50.5,-5.5,1891
UK,50.5,-5.0,164070
UK,50.5,-4.5,125573
UK,50.5,-4.0,404357
UK,50.5,-3.5,462462
UK,50.5,-3.0,46127
UK,50.5,-2.5,115947
UK,50.5,-2.0,328016
UK,50.5,-1.5,86606
UK,50.5,-1.0,82443
UK,50.5,0.0,114
UK,50.5,0.5,25
UK,51.0,-4.5,31360
UK,51.0,-4.0,157474
UK,51.0,-3.5,132949
UK,51.0,-3.0,320533
UK,51.0,-2.5,269673
UK,51.0,-2.0,401350
UK,51.0,-1.5,856169
UK,51.0,-1.0,856677
UK,51.0,-0.5,681123
UK,51.0,0.0,945712
UK,51.0,0.5,575367
UK,51.0,1.0,240122
UK,51.0,1.5,89405
UK,51.5,-5.5,9
UK,51.5,-5.0,48014
UK,51.5,-4.5,23301
UK,51.5,-4.0,424072
UK,51.5,-3.5,576159
UK,51.5,-3.0,1027369
UK,51.5,-2.5,1120957
UK,51.5,-2.0,550551
UK,51.5,-1.5,332196
UK,51.5,-1.0,1089566
UK,51.5,-0.5,3683172
UK,51.5,0.0,8305301
UK,51.5,0.5,1620373
UK,51.5,1.0,302296
UK,51.5,1.5,154881
UK,52.0,-5.5,1558
UK,52.0,-5.0,46243
UK,52.0,-4.5,85613
UK,52.0,-4.0,99070
UK,52.0,-3.5,81897
UK,52.0,-3.0,135014
UK,52.0,-2.5,331119
UK,52.0,-2.0,547386
UK,52.0,-1.5,349096
UK,52.0,-1.0,601283
UK,52.0,-0.5,1071786
UK,52.0,0.0,838056
UK,52.0,0.5,391648
UK,52.0,1.0,602365
UK,52.0,1.5,121058
UK,52.5,-4.0,53339
UK,52.5,-3.5,38960
UK,52.5,-3.0,107580
UK,52.5,-2.5,371526
UK,52.5,-2.0,3149882
UK,52.5,-1.5,1163871
UK,52.5,-1.0,977887
UK,52.5,-0.5,553045
UK,52.5,0.0,388805
UK,52.5,0.5,220754
UK,52.5,1.0,288427
UK,52.5,1.5,488734
UK,52.5,2.0,4908
UK,53.0,-5.0,23
UK,53.0,-4.5,46125
UK,53.0,-4.0,85291
UK,53.0,-3.5,48307
UK,53.0,-3.0,447641
UK,53.0,-2.5,394512
UK,53.0,-2.0,677607
UK,53.0,-1.5,1101112
UK,53.0,-1.0,1066733
UK,53.0,-0.5,316635
UK,53.0,0.0,201683
UK,53.0,0.5,109085
UK,53.0,1.0,59934
UK,53.0,1.5,56068
UK,53.5,-4.5,40290
UK,53.5,-4.0,59081
UK,53.5,-3.5,108642
UK,53.5,-3.0,1596390
UK,53.5,-2.5,2383757
UK,53.5,-2.0,2076942
UK,53.5,-1.5,1857550
UK,53.5,-1.0,558981
UK,53.5,-0.5,325937
UK,53.5,0.0,244423
UK,53.5,0.5,12525
UK,54.0,-8.0,9
UK,54.0,-7.5,10031
UK,54.0,-7.0,1784
UK,54.0,-6.5,81797
UK,54.0,-6.0,48380
UK,54.0,-5.5,259
UK,54.0,-3.5,16571
UK,54.0,-3.0,537228
UK,54.0,-2.5,381808
UK,54.0,-2.0,628284
UK,54.0,-1.5,1051807
UK,54.0,-1.0,344166
UK,54.0,-0.5,392308
UK,54.0,0.0,61971
UK,54.5,-8.0,8824
UK,54.5,-7.5,97900
UK,54.5,-7.0,77813
UK,54.5,-6.5,260070
UK,54.5,-6.0,740152
UK,54.5,-5.5,164574
UK,54.5,-5.0,549
UK,54.5,-4.5,1444
UK,54.5,-3.5,126518
UK,54.5,-3.0,61134
UK,54.5,-2.5,57874
UK,54.5,-2.0,51562
UK,54.5,-1.5,601167
UK,54.5,-1.0,362957
UK,54.5,-0.5,76881
UK,55.0,-7.5,120352
UK,55.0,-7.0,58840
UK,55.0,-6.5,202478
UK,55.0,-6.0,64593
UK,55.0,-5.5,6823
UK,55.0,-5.0,23741
UK,55.0,-4.5,10550
UK,55.0,-4.0,26782
UK,55.0,-3.5,78127
UK,55.0,-3.0,133964
UK,55.0,-2.5,23565
UK,55.0,-2.0,135994
UK,55.0,-1.5,1556552
UK,55.5,-6.5,368
UK,55.5,-6.0,767
UK,55.5,-5.5,8041
UK,55.5,-5.0,36817
UK,55.5,-4.5,285619
UK,55.5,-4.0,108782
UK,55.5,-3.5,19955
UK,55.5,-3.0,58339
UK,55.5,-2.5,38015
UK,55.5,-2.0,18334
UK,55.5,-1.5,31948
UK,56.0,-6.5,929
UK,56.0,-6.0,681
UK,56.0,-5.5,7365
UK,56.0,-5.0,85734
UK,56.0,-4.5,851385
UK,56.0,-4.0,1102839
UK,56.0,-3.5,573352
UK,56.0,-3.0,712729
UK,56.0,-2.5,32865
UK,56.0,-2.0,22335
UK,56.5,-7.0,510
UK,56.5,-6.5,549
UK,56.5,-6.0,2856
UK,56.5,-5.5,13173
UK,56.5,-5.0,4633
UK,56.5,-4.5,2525
UK,56.5,-4.0,19592
UK,56.5,-3.5,111661
UK,56.5,-3.0,269481
UK,56.5,-2.5,68742
UK,57.0,-7.5,2129
UK,57.0,-6.5,95
UK,57.0,-6.0,4453
UK,57.0,-5.5,1328
UK,57.0,-5.0,13785
UK,57.0,-4.5,1873
UK,57.0,-4.0,9197
UK,57.0,-3.5,1273
UK,57.0,-3.0,9453
UK,57.0,-2.5,77481
UK,57.0,-2.0,253333
UK,57.5,-7.5,2831
UK,57.5,-7.0,581
UK,57.5,-6.5,3985
UK,57.5,-6.0,4068
UK,57.5,-5.5,4025
UK,57.5,-5.0,896
UK,57.5,-4.5,45137
UK,57.5,-4.0,96195
UK,57.5,-3.5,63925
UK,57.5,-3.0,44906
UK,57.5,-2.5,63956
UK,57.5,-2.0,91624
UK,58.0,-8.5,9
UK,58.0,-7.0,1895
UK,58.0,-6.5,11209
UK,58.0,-6.0,1551
UK,58.0,-5.5,1796
UK,58.0,-5.0,2657
UK,58.0,-4.5,2895
UK,58.0,-4.0,15209
UK,58.0,-3.5,876
UK,58.5,-7.0,393
UK,58.5,-6.5,4206
UK,58.5,-6.0,1310
UK,58.5,-5.0,822
UK,58.5,-4.5,787
UK,58.5,-4.0,1407
UK,58.5,-3.5,16888
UK,58.5,-3.0,11001
UK,59.0,-6.0,3
UK,59.0,-3.5,3784
UK,59.0,-3.0,16899
UK,59.0,-2.5,600
UK,59.5,-3.0,702
UK,59.5,-2.5,433
UK,59.5,-1.5,51
UK,60.0,-2.0,47
UK,60.0,-1.5,4627
UK,60.0,-1.0,9575
UK,60.5,-1.5,3004
UK,60.5,-1.0,2970
UK,60.5,-0.5,6
UK,61.0,-1.0,484
